1445029368.3546E1MBTAM7_frame_00112_category_0044, 3
1442548086.12L5U25LO7BG_frame_00539_category_0064, 21
1442545832.8MC8JKIVXUB_frame_00615_category_0032, 1
1442545832.8MC8JKIVXUB_frame_00240_category_0032, 1
1442545832.8MC8JKIVXUB_frame_00585_category_0032, 51
1442545832.8MC8JKIVXUB_frame_01933_category_0032, 62
1442553116.736V4K65AJ2C_frame_00015_category_0104, 1
1442553116.736V4K65AJ2C_frame_00735_category_0104, 93
1442553116.736V4K65AJ2C_frame_00286_category_0104, 98
1442553116.736V4K65AJ2C_frame_00120_category_0104, 92
1442553116.736V4K65AJ2C_frame_00370_category_0104, 106
1442553116.736V4K65AJ2C_frame_01080_category_0104, 73
1442548295.27UNFNC37DQG_frame_00450_category_0051, 68
1442548295.27UNFNC37DQG_frame_02554_category_0051, 86
1442548295.27UNFNC37DQG_frame_05108_category_0051, 67
1442548295.27UNFNC37DQG_frame_00959_category_0051, 63
1442548295.27UNFNC37DQG_frame_00794_category_0051, 70
1442548295.27UNFNC37DQG_frame_03089_category_0051, 70
1442548295.27UNFNC37DQG_frame_02652_category_0051, 81
1442553088.698LMQ4FJ4V4_frame_00797_category_0098, 1
1442553088.698LMQ4FJ4V4_frame_01517_category_0098, 1
1442553088.698LMQ4FJ4V4_frame_00784_category_0098, 1
1442553088.698LMQ4FJ4V4_frame_00212_category_0098, 1
1442553088.698LMQ4FJ4V4_frame_01652_category_0098, 1
1442553088.698LMQ4FJ4V4_frame_01766_category_0098, 1
1442553088.698LMQ4FJ4V4_frame_00962_category_0098, 115
1442553088.698LMQ4FJ4V4_frame_00066_category_0098, 46
1442553088.698LMQ4FJ4V4_frame_05146_category_0098, 39
1442553088.698LMQ4FJ4V4_frame_05866_category_0098, 117
1442553088.698LMQ4FJ4V4_frame_04658_category_0098, 32
1442553088.698LMQ4FJ4V4_frame_05714_category_0098, 29
1442553088.698LMQ4FJ4V4_frame_04906_category_0098, 32
1442553088.698LMQ4FJ4V4_frame_06346_category_0098, 32
1442553088.698LMQ4FJ4V4_frame_06153_category_0098, 33
1442553088.698LMQ4FJ4V4_frame_06301_category_0098, 34
1442553088.698LMQ4FJ4V4_frame_06421_category_0098, 33
1442553088.698LMQ4FJ4V4_frame_02447_category_0098, 71
1442553088.698LMQ4FJ4V4_frame_02298_category_0098, 2
1442553088.698LMQ4FJ4V4_frame_02522_category_0098, 2
1442553088.698LMQ4FJ4V4_frame_02327_category_0098, 3
1442553088.698LMQ4FJ4V4_frame_03117_category_0098, 130
1442553088.698LMQ4FJ4V4_frame_03837_category_0098, 117
1442553088.698LMQ4FJ4V4_frame_04557_category_0098, 128
1442553088.698LMQ4FJ4V4_frame_04046_category_0098, 128
1442553088.698LMQ4FJ4V4_frame_03732_category_0098, 125
1442553088.698LMQ4FJ4V4_frame_03752_category_0098, 122
1442553088.698LMQ4FJ4V4_frame_04182_category_0098, 127
1442553088.698LMQ4FJ4V4_frame_03912_category_0098, 124
1442548263.99TXZJJNHK3V_frame_00660_category_0100, 72
1442548263.99TXZJJNHK3V_frame_00450_category_0100, 38
1442548263.99TXZJJNHK3V_frame_00525_category_0100, 78
1444358617.26GF5ECGOML6_frame_00264_category_0044, 129
1444358617.26GF5ECGOML6_frame_00105_category_0053, 98
1442548060.98GPFFRYHBUD_frame_01183_category_0041, 53
1442548060.98GPFFRYHBUD_frame_01093_category_0041, 60
1442547993.15TYEE7EE2ZE_frame_00239_category_0054, 105
1442553675.07JBVWUPR58P_frame_00937_category_0123, 122
1442553675.07JBVWUPR58P_frame_00941_category_0123, 124
1442553675.07JBVWUPR58P_frame_01387_category_0123, 118
1442553675.07JBVWUPR58P_frame_01237_category_0123, 126
1442553675.07JBVWUPR58P_frame_02067_category_0123, 125
1442553675.07JBVWUPR58P_frame_02005_category_0123, 126
1442553675.07JBVWUPR58P_frame_02367_category_0123, 115
1442553675.07JBVWUPR58P_frame_01587_category_0123, 114
1442553675.07JBVWUPR58P_frame_03066_category_0123, 124
1442553675.07JBVWUPR58P_frame_03786_category_0123, 115
1442553675.07JBVWUPR58P_frame_03110_category_0123, 124
1442553675.07JBVWUPR58P_frame_04166_category_0123, 124
1442553675.07JBVWUPR58P_frame_04056_category_0123, 125
1442553675.07JBVWUPR58P_frame_02781_category_0123, 119
1442553675.07JBVWUPR58P_frame_03936_category_0123, 124
1442548542.43YQRV4SEUPW_frame_00928_category_0130, 78
1442547949.183KRWYDV541_frame_03291_category_0026, 121
1442547949.183KRWYDV541_frame_03525_category_0026, 128
1442547949.183KRWYDV541_frame_03261_category_0026, 126
1442547949.183KRWYDV541_frame_03056_category_0026, 126
1442547949.183KRWYDV541_frame_05396_category_0026, 129
1442547949.183KRWYDV541_frame_04886_category_0026, 110
1442548456.59EVH3SM6PPY_frame_05909_category_0114, 3
1442548456.59EVH3SM6PPY_frame_05498_category_0114, 4
1442548601.46NEJZUT3IWJ_frame_01333_category_0062, 124
1442548601.46NEJZUT3IWJ_frame_01617_category_0062, 124
1442548601.46NEJZUT3IWJ_frame_02117_category_0062, 126
1442548601.46NEJZUT3IWJ_frame_00524_category_0062, 124
1442548129.25L9MD7Y8OYL_frame_01229_category_0086, 1
1442548129.25L9MD7Y8OYL_frame_00674_category_0086, 1
1442548129.25L9MD7Y8OYL_frame_04810_category_0090, 3
1442548129.25L9MD7Y8OYL_frame_01304_category_0086, 1
1442548129.25L9MD7Y8OYL_frame_13125_category_0086, 1
1442548129.25L9MD7Y8OYL_frame_13226_category_0086, 1
1442548129.25L9MD7Y8OYL_frame_13161_category_0086, 1
1442548129.25L9MD7Y8OYL_frame_13500_category_0086, 1
1442548129.25L9MD7Y8OYL_frame_14998_category_0086, 1
1442548129.25L9MD7Y8OYL_frame_16557_category_0086, 1
1442548129.25L9MD7Y8OYL_frame_16587_category_0086, 1
1442548129.25L9MD7Y8OYL_frame_16407_category_0086, 1
1442548129.25L9MD7Y8OYL_frame_15744_category_0086, 1
1442548129.25L9MD7Y8OYL_frame_15748_category_0086, 1
1442548129.25L9MD7Y8OYL_frame_15283_category_0086, 1
1442548129.25L9MD7Y8OYL_frame_02308_category_0086, 1
1442548129.25L9MD7Y8OYL_frame_03028_category_0086, 1
1442548129.25L9MD7Y8OYL_frame_03748_category_0086, 1
1442548129.25L9MD7Y8OYL_frame_02329_category_0086, 1
1442548129.25L9MD7Y8OYL_frame_03385_category_0086, 1
1442548129.25L9MD7Y8OYL_frame_02263_category_0086, 1
1442548129.25L9MD7Y8OYL_frame_03703_category_0086, 1
1442548129.25L9MD7Y8OYL_frame_03117_category_0086, 1
1442548129.25L9MD7Y8OYL_frame_02788_category_0086, 1
1442548129.25L9MD7Y8OYL_frame_03208_category_0086, 40
1442548129.25L9MD7Y8OYL_frame_04033_category_0086, 13
1442548129.25L9MD7Y8OYL_frame_05170_category_0086, 19
1442548129.25L9MD7Y8OYL_frame_06150_category_0086, 23
1442548129.25L9MD7Y8OYL_frame_06563_category_0086, 27
1442548129.25L9MD7Y8OYL_frame_06757_category_0086, 67
1442548129.25L9MD7Y8OYL_frame_07432_category_0086, 101
1442548129.25L9MD7Y8OYL_frame_07417_category_0086, 122
1442548129.25L9MD7Y8OYL_frame_07641_category_0086, 116
1442548129.25L9MD7Y8OYL_frame_08361_category_0086, 125
1442548129.25L9MD7Y8OYL_frame_07934_category_0086, 100
1442548129.25L9MD7Y8OYL_frame_07776_category_0086, 99
1442548129.25L9MD7Y8OYL_frame_08070_category_0086, 98
1442548129.25L9MD7Y8OYL_frame_07626_category_0086, 98
1442548129.25L9MD7Y8OYL_frame_09110_category_0086, 110
1442548129.25L9MD7Y8OYL_frame_09830_category_0086, 102
1442548129.25L9MD7Y8OYL_frame_10550_category_0086, 100
1442548129.25L9MD7Y8OYL_frame_09663_category_0086, 57
1442548129.25L9MD7Y8OYL_frame_10719_category_0086, 15
1442548129.25L9MD7Y8OYL_frame_10295_category_0086, 28
1442548129.25L9MD7Y8OYL_frame_10136_category_0086, 43
1442548129.25L9MD7Y8OYL_frame_10310_category_0086, 7
1442548129.25L9MD7Y8OYL_frame_10385_category_0086, 15
1442548129.25L9MD7Y8OYL_frame_11298_category_0086, 31
1442548129.25L9MD7Y8OYL_frame_11331_category_0086, 16
1442548129.25L9MD7Y8OYL_frame_10988_category_0086, 9
1442548129.25L9MD7Y8OYL_frame_10803_category_0086, 7
1442548129.25L9MD7Y8OYL_frame_00300_category_0090, 1
1442548129.25L9MD7Y8OYL_frame_01020_category_0090, 1
1442548129.25L9MD7Y8OYL_frame_01740_category_0090, 1
1442548129.25L9MD7Y8OYL_frame_02460_category_0090, 1
1442548129.25L9MD7Y8OYL_frame_03180_category_0090, 1
1442548129.25L9MD7Y8OYL_frame_03900_category_0090, 1
1442548129.25L9MD7Y8OYL_frame_00044_category_0090, 1
1442548129.25L9MD7Y8OYL_frame_01100_category_0090, 1
1442548129.25L9MD7Y8OYL_frame_02156_category_0090, 1
1442548129.25L9MD7Y8OYL_frame_03212_category_0090, 1
1442548129.25L9MD7Y8OYL_frame_04268_category_0090, 1
1442548129.25L9MD7Y8OYL_frame_00990_category_0090, 1
1442548129.25L9MD7Y8OYL_frame_02430_category_0090, 1
1442548129.25L9MD7Y8OYL_frame_03870_category_0090, 63
1442548129.25L9MD7Y8OYL_frame_00888_category_0090, 67
1442548129.25L9MD7Y8OYL_frame_02664_category_0090, 121
1442548129.25L9MD7Y8OYL_frame_04440_category_0090, 127
1442548129.25L9MD7Y8OYL_frame_01980_category_0090, 127
1442548129.25L9MD7Y8OYL_frame_04140_category_0090, 127
1442548129.25L9MD7Y8OYL_frame_02850_category_0090, 130
1442548129.25L9MD7Y8OYL_frame_02625_category_0090, 125
1442548129.25L9MD7Y8OYL_frame_00000_category_0086, 109
1442548129.25L9MD7Y8OYL_frame_00352_category_0086, 90
1442548129.25L9MD7Y8OYL_frame_00225_category_0086, 87
1442548129.25L9MD7Y8OYL_frame_16512_category_0090, 131
1442548129.25L9MD7Y8OYL_frame_16045_category_0090, 131
1442548129.25L9MD7Y8OYL_frame_17101_category_0090, 131
1442548129.25L9MD7Y8OYL_frame_16142_category_0090, 131
1442548129.25L9MD7Y8OYL_frame_16857_category_0090, 131
1442548129.25L9MD7Y8OYL_frame_11058_category_0090, 131
1442548129.25L9MD7Y8OYL_frame_11778_category_0090, 131
1442548129.25L9MD7Y8OYL_frame_12498_category_0090, 131
1442548129.25L9MD7Y8OYL_frame_13218_category_0090, 131
1442548129.25L9MD7Y8OYL_frame_13938_category_0090, 121
1442548129.25L9MD7Y8OYL_frame_14658_category_0090, 123
1442548129.25L9MD7Y8OYL_frame_15378_category_0090, 121
1442548129.25L9MD7Y8OYL_frame_11775_category_0090, 116
1442548129.25L9MD7Y8OYL_frame_12831_category_0090, 119
1442548129.25L9MD7Y8OYL_frame_13887_category_0090, 8
1442548129.25L9MD7Y8OYL_frame_14943_category_0090, 22
1442548129.25L9MD7Y8OYL_frame_11583_category_0090, 72
1442548129.25L9MD7Y8OYL_frame_13023_category_0090, 48
1442548129.25L9MD7Y8OYL_frame_14463_category_0090, 4
1442548129.25L9MD7Y8OYL_frame_11427_category_0090, 4
1442548129.25L9MD7Y8OYL_frame_13203_category_0090, 6
1442548129.25L9MD7Y8OYL_frame_14979_category_0090, 25
1442548129.25L9MD7Y8OYL_frame_12468_category_0090, 10
1442548129.25L9MD7Y8OYL_frame_14628_category_0090, 5
1442548129.25L9MD7Y8OYL_frame_13083_category_0090, 12
1442548129.25L9MD7Y8OYL_frame_12558_category_0090, 13
1442548129.25L9MD7Y8OYL_frame_13983_category_0090, 4
1442548129.25L9MD7Y8OYL_frame_07148_category_0090, 31
1442548129.25L9MD7Y8OYL_frame_07868_category_0090, 121
1442548129.25L9MD7Y8OYL_frame_08588_category_0090, 124
1442548129.25L9MD7Y8OYL_frame_09308_category_0090, 126
1442548129.25L9MD7Y8OYL_frame_10028_category_0090, 120
1442548129.25L9MD7Y8OYL_frame_10748_category_0090, 125
1442548129.25L9MD7Y8OYL_frame_07392_category_0090, 119
1442548129.25L9MD7Y8OYL_frame_08448_category_0090, 121
1442548129.25L9MD7Y8OYL_frame_09504_category_0090, 125
1442548129.25L9MD7Y8OYL_frame_10560_category_0090, 125
1442548129.25L9MD7Y8OYL_frame_07538_category_0090, 124
1442548129.25L9MD7Y8OYL_frame_08978_category_0090, 122
1442548129.25L9MD7Y8OYL_frame_10418_category_0090, 121
1442548129.25L9MD7Y8OYL_frame_07762_category_0090, 120
1442548129.25L9MD7Y8OYL_frame_09538_category_0090, 118
1442548129.25L9MD7Y8OYL_frame_07073_category_0090, 125
1442548129.25L9MD7Y8OYL_frame_09233_category_0090, 126
1442548129.25L9MD7Y8OYL_frame_07403_category_0090, 116
1442548129.25L9MD7Y8OYL_frame_06788_category_0090, 113
1442548129.25L9MD7Y8OYL_frame_07928_category_0090, 124
1442548129.25L9MD7Y8OYL_frame_05454_category_0090, 121
1442548129.25L9MD7Y8OYL_frame_06174_category_0090, 126
1442548129.25L9MD7Y8OYL_frame_05547_category_0090, 99
1442548129.25L9MD7Y8OYL_frame_05109_category_0090, 122
1442548129.25L9MD7Y8OYL_frame_05056_category_0090, 104
1442548129.25L9MD7Y8OYL_frame_05379_category_0090, 13
1442548129.25L9MD7Y8OYL_frame_05334_category_0090, 125
1442548129.25L9MD7Y8OYL_frame_11942_category_0086, 58
1442547949.07SBG9WX177L_frame_02871_category_0050, 101
1442547949.07SBG9WX177L_frame_02961_category_0050, 17
1442547949.07SBG9WX177L_frame_02391_category_0050, 9
1442547949.07SBG9WX177L_frame_02081_category_0050, 12
1442547949.07SBG9WX177L_frame_01586_category_0050, 4
1442547949.07SBG9WX177L_frame_00882_category_0050, 12
1442547949.07SBG9WX177L_frame_00303_category_0050, 6
1442547949.07SBG9WX177L_frame_01359_category_0050, 11
1442547949.07SBG9WX177L_frame_01407_category_0050, 35
1442547949.07SBG9WX177L_frame_00597_category_0050, 6
1442547949.07SBG9WX177L_frame_01287_category_0050, 15
1442547910.082MANHCYWOT_frame_00945_category_0060, 14
1442547910.082MANHCYWOT_frame_00487_category_0060, 14
1442547910.082MANHCYWOT_frame_01543_category_0060, 22
1442547910.082MANHCYWOT_frame_00613_category_0060, 21
1442547910.082MANHCYWOT_frame_01365_category_0060, 26
1442547910.082MANHCYWOT_frame_01829_category_0060, 28
1442547910.082MANHCYWOT_frame_02054_category_0060, 12
1442547910.082MANHCYWOT_frame_02203_category_0060, 17
1442547910.082MANHCYWOT_frame_02691_category_0060, 30
1442548061.44R29DKEJLZA_frame_00135_category_0045, 77
1442548061.44R29DKEJLZA_frame_00855_category_0045, 76
1442548061.44R29DKEJLZA_frame_01575_category_0045, 54
1442548061.44R29DKEJLZA_frame_02295_category_0045, 27
1442548061.44R29DKEJLZA_frame_00154_category_0045, 29
1442548061.44R29DKEJLZA_frame_01210_category_0045, 21
1442548061.44R29DKEJLZA_frame_02266_category_0045, 59
1442548061.44R29DKEJLZA_frame_00570_category_0045, 101
1442548061.44R29DKEJLZA_frame_02010_category_0045, 100
1442548061.44R29DKEJLZA_frame_00666_category_0045, 13
1442548061.44R29DKEJLZA_frame_02442_category_0045, 13
1442548061.44R29DKEJLZA_frame_01620_category_0045, 20
1442548061.44R29DKEJLZA_frame_01500_category_0045, 34
1442548061.44R29DKEJLZA_frame_00450_category_0045, 89
1442548360.13LE7DENJL8S_frame_01803_category_0021, 37
1442548360.13LE7DENJL8S_frame_02075_category_0021, 48
1442548360.13LE7DENJL8S_frame_00552_category_0021, 36
1442548360.13LE7DENJL8S_frame_00049_category_0021, 36
1442548360.13LE7DENJL8S_frame_00788_category_0021, 45
1442548360.13LE7DENJL8S_frame_00749_category_0021, 45
1442548360.13LE7DENJL8S_frame_01163_category_0021, 40
1442548360.13LE7DENJL8S_frame_00683_category_0021, 56
1442547909.71L3SALC9PK9_frame_03556_category_0050, 85
1442547909.71L3SALC9PK9_frame_04276_category_0050, 84
1442547909.71L3SALC9PK9_frame_03722_category_0050, 80
1442547909.71L3SALC9PK9_frame_04778_category_0050, 34
1442547909.71L3SALC9PK9_frame_03510_category_0050, 78
1442547909.71L3SALC9PK9_frame_04021_category_0050, 54
1442547909.71L3SALC9PK9_frame_03436_category_0050, 53
1442547909.71L3SALC9PK9_frame_03071_category_0050, 89
1442547909.71L3SALC9PK9_frame_03168_category_0050, 104
1442547909.71L3SALC9PK9_frame_02967_category_0050, 51
1442547909.71L3SALC9PK9_frame_02786_category_0050, 33
1442547909.71L3SALC9PK9_frame_02287_category_0050, 47
1442547909.71L3SALC9PK9_frame_01912_category_0050, 42
1442547909.71L3SALC9PK9_frame_02242_category_0050, 44
1442547909.71L3SALC9PK9_frame_00382_category_0050, 60
1442547909.71L3SALC9PK9_frame_01102_category_0050, 22
1442547909.71L3SALC9PK9_frame_00838_category_0050, 50
1442547909.71L3SALC9PK9_frame_00892_category_0050, 32
1442547909.71L3SALC9PK9_frame_00157_category_0050, 51
1442547909.71L3SALC9PK9_frame_00742_category_0050, 61
1442547909.71L3SALC9PK9_frame_04860_category_0090, 2
1442547909.71L3SALC9PK9_frame_04036_category_0090, 6
1442547909.71L3SALC9PK9_frame_03524_category_0090, 9
1442547909.71L3SALC9PK9_frame_04580_category_0090, 6
1442547909.71L3SALC9PK9_frame_03473_category_0090, 2
1442547909.71L3SALC9PK9_frame_04111_category_0090, 3
1442547909.71L3SALC9PK9_frame_04486_category_0090, 6
1442547909.71L3SALC9PK9_frame_02936_category_0090, 22
1442547909.71L3SALC9PK9_frame_02856_category_0090, 4
1442547909.71L3SALC9PK9_frame_02536_category_0090, 2
1442547909.71L3SALC9PK9_frame_01212_category_0090, 2
1442547909.71L3SALC9PK9_frame_01932_category_0090, 8
1442547909.71L3SALC9PK9_frame_01127_category_0090, 6
1442547909.71L3SALC9PK9_frame_02183_category_0090, 9
1442547909.71L3SALC9PK9_frame_01887_category_0090, 7
1442547909.71L3SALC9PK9_frame_01908_category_0090, 4
1442547909.71L3SALC9PK9_frame_02307_category_0090, 3
1442547909.71L3SALC9PK9_frame_02187_category_0090, 6
1442553676.249NBFNNBCO1_frame_01424_category_0000, 9
1442553676.249NBFNNBCO1_frame_01304_category_0000, 49
1442553676.249NBFNNBCO1_frame_01319_category_0000, 30
1442553676.249NBFNNBCO1_frame_00330_category_0000, 44
1442553676.249NBFNNBCO1_frame_00150_category_0000, 56
1442553700.763ETG2RKOGX_frame_03355_category_0011, 9
1442553700.763ETG2RKOGX_frame_03310_category_0011, 9
1442553700.763ETG2RKOGX_frame_03700_category_0011, 23
1442553700.763ETG2RKOGX_frame_03985_category_0011, 13
1442553700.763ETG2RKOGX_frame_03239_category_0011, 12
1442553700.763ETG2RKOGX_frame_02753_category_0011, 7
1442553700.763ETG2RKOGX_frame_02442_category_0011, 13
1442553700.763ETG2RKOGX_frame_02202_category_0011, 15
1442553700.763ETG2RKOGX_frame_01981_category_0011, 7
1442553700.763ETG2RKOGX_frame_01558_category_0011, 15
1442548087.228KJK2H3Q45_frame_00030_category_0039, 65
1442548087.228KJK2H3Q45_frame_00090_category_0039, 80
1442548264.612KU4B1VXG_frame_03080_category_0019, 102
1442553632.78N0TRFXK6GD_frame_00615_category_0105, 50
1442553632.78N0TRFXK6GD_frame_01335_category_0105, 54
1442553632.78N0TRFXK6GD_frame_02055_category_0105, 47
1442553632.78N0TRFXK6GD_frame_02775_category_0105, 62
1442553632.78N0TRFXK6GD_frame_03495_category_0105, 44
1442553632.78N0TRFXK6GD_frame_04215_category_0105, 44
1442553632.78N0TRFXK6GD_frame_00599_category_0105, 49
1442553632.78N0TRFXK6GD_frame_01655_category_0105, 37
1442553632.78N0TRFXK6GD_frame_02711_category_0105, 39
1442553632.78N0TRFXK6GD_frame_03767_category_0105, 59
1442553632.78N0TRFXK6GD_frame_00435_category_0105, 98
1442553632.78N0TRFXK6GD_frame_01875_category_0105, 54
1442553632.78N0TRFXK6GD_frame_03315_category_0105, 53
1442553632.78N0TRFXK6GD_frame_00336_category_0105, 43
1442553632.78N0TRFXK6GD_frame_02112_category_0105, 44
1442553632.78N0TRFXK6GD_frame_03888_category_0105, 41
1442553632.78N0TRFXK6GD_frame_01440_category_0105, 59
1442553632.78N0TRFXK6GD_frame_03600_category_0105, 32
1442553632.78N0TRFXK6GD_frame_02025_category_0105, 48
1442553632.78N0TRFXK6GD_frame_01590_category_0105, 35
1442553632.78N0TRFXK6GD_frame_03075_category_0105, 40
1442548362.34501LGBX81V_frame_07146_category_0107, 64
1442548362.34501LGBX81V_frame_06561_category_0107, 66
1442548362.34501LGBX81V_frame_06232_category_0107, 56
1442548362.34501LGBX81V_frame_03880_category_0107, 65
1442548362.34501LGBX81V_frame_03371_category_0107, 126
1442547931.32HG7UBXE01Q_frame_01304_category_0026, 84
1442547931.32HG7UBXE01Q_frame_00644_category_0026, 29
1442547931.32HG7UBXE01Q_frame_00614_category_0026, 19
1442547931.32HG7UBXE01Q_frame_00105_category_0026, 14
1442547931.32HG7UBXE01Q_frame_00418_category_0026, 39
1442547931.32HG7UBXE01Q_frame_00450_category_0026, 106
1442547910.674R882289JR_frame_00147_category_0116, 13
1442547910.674R882289JR_frame_00225_category_0116, 15
1442547910.674R882289JR_frame_05817_category_0116, 20
1442547910.674R882289JR_frame_03506_category_0096, 70
1442547910.674R882289JR_frame_03321_category_0096, 51
1442547910.674R882289JR_frame_03521_category_0096, 47
1442547910.674R882289JR_frame_03281_category_0096, 76
1442547910.674R882289JR_frame_04164_category_0096, 20
1442547910.674R882289JR_frame_04884_category_0096, 51
1442547910.674R882289JR_frame_05604_category_0096, 85
1442547910.674R882289JR_frame_05043_category_0096, 62
1442547910.674R882289JR_frame_04659_category_0096, 50
1442547910.674R882289JR_frame_04637_category_0096, 46
1442547910.674R882289JR_frame_05019_category_0096, 83
1442547910.674R882289JR_frame_05379_category_0096, 86
1442547910.674R882289JR_frame_01228_category_0130, 111
1442547910.674R882289JR_frame_05034_category_0086, 130
1442547910.674R882289JR_frame_05245_category_0086, 110
1442547910.674R882289JR_frame_04719_category_0086, 101
1442547910.674R882289JR_frame_04359_category_0086, 1
1442547910.674R882289JR_frame_04479_category_0086, 1
1442547910.674R882289JR_frame_03760_category_0086, 1
1442547910.674R882289JR_frame_03790_category_0086, 1
1442547910.674R882289JR_frame_02831_category_0086, 39
1442547910.674R882289JR_frame_02223_category_0086, 15
1442547910.674R882289JR_frame_01843_category_0086, 15
1442547910.674R882289JR_frame_01550_category_0086, 15
1442547910.674R882289JR_frame_01183_category_0096, 9
1442548671.439KQB3WSKI6_frame_00722_category_0001, 68
1442548018.97AQZOI1S7M3_frame_00360_category_0029, 56
1442545833.09JUS2QNUN9M_frame_00719_category_0084, 98
1442545833.09JUS2QNUN9M_frame_00674_category_0084, 117
1442545833.09JUS2QNUN9M_frame_01064_category_0084, 110
1442545833.09JUS2QNUN9M_frame_01349_category_0084, 110
1442545833.09JUS2QNUN9M_frame_02293_category_0084, 110
1442545833.09JUS2QNUN9M_frame_03013_category_0084, 110
1442545833.09JUS2QNUN9M_frame_02029_category_0084, 112
1442545833.09JUS2QNUN9M_frame_03085_category_0084, 100
1442545833.09JUS2QNUN9M_frame_02593_category_0084, 120
1442545833.09JUS2QNUN9M_frame_02407_category_0084, 98
1442545833.09JUS2QNUN9M_frame_02593_category_0084, 120
1442545833.09JUS2QNUN9M_frame_02068_category_0084, 129
1442545833.09JUS2QNUN9M_frame_08511_category_0084, 129
1442545833.09JUS2QNUN9M_frame_08768_category_0084, 130
1442545833.09JUS2QNUN9M_frame_08511_category_0084, 129
1442545833.09JUS2QNUN9M_frame_04076_category_0084, 129
1442545833.09JUS2QNUN9M_frame_03879_category_0084, 130
1442545833.09JUS2QNUN9M_frame_13590_category_0084, 131
1442545833.09JUS2QNUN9M_frame_07349_category_0084, 129
1442545833.09JUS2QNUN9M_frame_01588_category_0084, 131
1442545833.09JUS2QNUN9M_frame_01873_category_0084, 131
1442545833.09JUS2QNUN9M_frame_09035_category_0084, 130
1442545833.09JUS2QNUN9M_frame_10703_category_0084, 101
1442545833.09JUS2QNUN9M_frame_10698_category_0084, 105
1442545833.09JUS2QNUN9M_frame_00315_category_0084, 112
1442545833.09JUS2QNUN9M_frame_05514_category_0084, 107
1442545833.09JUS2QNUN9M_frame_13306_category_0084, 52
1442545833.09JUS2QNUN9M_frame_13365_category_0084, 131
1442545833.09JUS2QNUN9M_frame_13068_category_0084, 131
1442545833.09JUS2QNUN9M_frame_13186_category_0084, 131
1442545833.09JUS2QNUN9M_frame_06518_category_0084, 131
1442545833.09JUS2QNUN9M_frame_06668_category_0084, 131
1442545833.09JUS2QNUN9M_frame_06726_category_0084, 9
1442545833.09JUS2QNUN9M_frame_06029_category_0084, 10
1442545833.09JUS2QNUN9M_frame_06276_category_0084, 48
1442545833.09JUS2QNUN9M_frame_11523_category_0084, 106
1442545833.09JUS2QNUN9M_frame_11167_category_0084, 55
1442545833.09JUS2QNUN9M_frame_11133_category_0084, 83
1442545833.09JUS2QNUN9M_frame_11568_category_0084, 118
1442545833.09JUS2QNUN9M_frame_11613_category_0084, 116
1442548457.17NJ8KW33OG7_frame_00360_category_0125, 16
1442548457.17NJ8KW33OG7_frame_00300_category_0125, 12
1442548457.17NJ8KW33OG7_frame_00150_category_0125, 38
1445640333.84WF0D6WSRUM_frame_00443_category_0042, 13
1445640333.84WF0D6WSRUM_frame_00599_category_0044, 93
1445640333.84WF0D6WSRUM_frame_00449_category_0044, 19
1442548340.08O78YBX4X1U_frame_03658_category_0014, 52
1442548340.08O78YBX4X1U_frame_01739_category_0014, 51
1442548340.58E6T5R91JQ6_frame_00060_category_0037, 31
1442548340.58E6T5R91JQ6_frame_00434_category_0037, 41
1442548340.58E6T5R91JQ6_frame_00457_category_0037, 23
1442548340.58E6T5R91JQ6_frame_01481_category_0037, 19
1442548340.58E6T5R91JQ6_frame_01361_category_0037, 13
1442548340.58E6T5R91JQ6_frame_01661_category_0037, 25
1442553676.16ZJEN5I9QSZ_frame_02558_category_0052, 78
1442553676.16ZJEN5I9QSZ_frame_03278_category_0052, 49
1442553676.16ZJEN5I9QSZ_frame_02111_category_0052, 64
1442553676.16ZJEN5I9QSZ_frame_03167_category_0052, 41
1442553676.16ZJEN5I9QSZ_frame_02423_category_0052, 11
1442553676.16ZJEN5I9QSZ_frame_01913_category_0052, 7
1442553676.16ZJEN5I9QSZ_frame_03689_category_0052, 11
1442553676.16ZJEN5I9QSZ_frame_01988_category_0052, 66
1442553676.16ZJEN5I9QSZ_frame_02663_category_0052, 44
1442553676.16ZJEN5I9QSZ_frame_00585_category_0052, 72
1442553676.16ZJEN5I9QSZ_frame_00374_category_0052, 65
1442553676.16ZJEN5I9QSZ_frame_00540_category_0052, 72
1442553676.16ZJEN5I9QSZ_frame_00135_category_0052, 19
1442553676.16ZJEN5I9QSZ_frame_00600_category_0052, 15
1442553676.16ZJEN5I9QSZ_frame_04009_category_0052, 42
1442553676.16ZJEN5I9QSZ_frame_04269_category_0052, 1
1442553676.16ZJEN5I9QSZ_frame_01801_category_0052, 1
1442547970.68FQUE6N30ZA_frame_01716_category_0097, 98
1442547970.68FQUE6N30ZA_frame_01263_category_0097, 62
1442547970.68FQUE6N30ZA_frame_00123_category_0024, 129
1442547970.68FQUE6N30ZA_frame_00686_category_0024, 97
1442547970.68FQUE6N30ZA_frame_01406_category_0024, 121
1442547970.68FQUE6N30ZA_frame_01327_category_0024, 95
1442547970.68FQUE6N30ZA_frame_00602_category_0024, 97
1442547970.68FQUE6N30ZA_frame_01481_category_0024, 104
1442552941.038N06F7TETA_frame_00247_category_0106, 49
1442552941.038N06F7TETA_frame_01333_category_0106, 47
1442552941.038N06F7TETA_frame_01190_category_0106, 38
1442552941.038N06F7TETA_frame_01648_category_0106, 63
1442552941.038N06F7TETA_frame_02056_category_0106, 106
1442552941.038N06F7TETA_frame_01902_category_0106, 115
1442552941.038N06F7TETA_frame_02756_category_0106, 109
1442552941.038N06F7TETA_frame_02681_category_0106, 33
1442552941.038N06F7TETA_frame_03521_category_0106, 53
1442552941.038N06F7TETA_frame_03591_category_0106, 55
1442552941.038N06F7TETA_frame_03337_category_0106, 81
1442552941.038N06F7TETA_frame_03566_category_0106, 128
1442548582.84LZHII7O7VE_frame_00195_category_0062, 42
1442548059.97DEIHJFD177_frame_00012_category_0096, 10
1442548059.97DEIHJFD177_frame_01556_category_0096, 66
1442548059.97DEIHJFD177_frame_01797_category_0096, 52
1442548059.97DEIHJFD177_frame_02676_category_0096, 47
1442548059.97DEIHJFD177_frame_02736_category_0096, 106
1442548059.97DEIHJFD177_frame_03381_category_0096, 80
1442545835.33TLB8R6AYFD_frame_00913_category_0077, 113
1442545835.33TLB8R6AYFD_frame_00540_category_0077, 37
1442545835.33TLB8R6AYFD_frame_00000_category_0077, 7
1442545835.33TLB8R6AYFD_frame_00135_category_0077, 47
1442548360.165J2PU1T4U0_frame_00307_category_0106, 49
1442548360.165J2PU1T4U0_frame_00442_category_0106, 98
1442548360.165J2PU1T4U0_frame_00445_category_0106, 35
1442548360.165J2PU1T4U0_frame_01132_category_0106, 9
1442548360.165J2PU1T4U0_frame_01417_category_0106, 20
1442548360.165J2PU1T4U0_frame_01402_category_0106, 7
1442548360.165J2PU1T4U0_frame_01871_category_0106, 39
1442548360.165J2PU1T4U0_frame_02191_category_0106, 4
1442548128.21477W4CAYE1_frame_00464_category_0058, 2
1442548399.093VDMUIUBHO_frame_09993_category_0105, 95
1442548399.093VDMUIUBHO_frame_02659_category_0105, 123
1442548399.093VDMUIUBHO_frame_01393_category_0105, 123
1442548399.093VDMUIUBHO_frame_00899_category_0105, 122
1442548399.093VDMUIUBHO_frame_00259_category_0105, 118
1442548399.093VDMUIUBHO_frame_00549_category_0105, 125
1444930278.8488K0ZCCI05_frame_00823_category_0044, 52
1444930278.8488K0ZCCI05_frame_00494_category_0044, 130
1442548600.18JQ62SXSQGM_frame_00343_category_0041, 104
1442548600.18JQ62SXSQGM_frame_00314_category_0121, 63
1442548171.820TBQ6JBKZP_frame_00884_category_0096, 31
1442548171.820TBQ6JBKZP_frame_00704_category_0096, 28
1442548171.820TBQ6JBKZP_frame_01662_category_0096, 30
1442548171.820TBQ6JBKZP_frame_01992_category_0041, 95
1442548171.820TBQ6JBKZP_frame_02029_category_0096, 28
1442548171.820TBQ6JBKZP_frame_02546_category_0096, 34
1442548171.820TBQ6JBKZP_frame_02506_category_0096, 10
1442548171.820TBQ6JBKZP_frame_01498_category_0096, 7
1442548171.820TBQ6JBKZP_frame_00495_category_0096, 13
1442548171.820TBQ6JBKZP_frame_00276_category_0096, 6
1442548171.820TBQ6JBKZP_frame_00554_category_0041, 6
1442548171.820TBQ6JBKZP_frame_00314_category_0041, 9
1442548171.820TBQ6JBKZP_frame_00868_category_0041, 9
1445540625.37RT4D9LW33D_frame_00420_category_0043, 64
1445540625.37RT4D9LW33D_frame_00300_category_0043, 59
1445540625.37RT4D9LW33D_frame_00315_category_0043, 90
1445540625.37RT4D9LW33D_frame_00105_category_0042, 117
1445540625.37RT4D9LW33D_frame_00344_category_0044, 130
1445540625.37RT4D9LW33D_frame_00060_category_0044, 131
1444859694.1AQNM7FXQ8L_frame_00090_category_0053, 112
1442547931.29VSNMBYT39H_frame_00075_category_0067, 67
1442547931.29VSNMBYT39H_frame_00270_category_0067, 75
1442547931.29VSNMBYT39H_frame_01213_category_0067, 85
1442547931.29VSNMBYT39H_frame_00645_category_0052, 18
1442547931.29VSNMBYT39H_frame_01365_category_0052, 25
1442547931.29VSNMBYT39H_frame_00814_category_0052, 26
1442547931.29VSNMBYT39H_frame_00480_category_0052, 25
1442547931.29VSNMBYT39H_frame_00481_category_0052, 6
1442547931.29VSNMBYT39H_frame_00900_category_0052, 30
1442547931.29VSNMBYT39H_frame_00000_category_0052, 37
1442548129.26G6TP7C1CKR_frame_01476_category_0026, 79
1442553702.02SSA8UG3MGY_frame_00225_category_0004, 106
1442553702.02SSA8UG3MGY_frame_00267_category_0004, 106
1445358067.09XJJ7IPPG7_frame_00494_category_0042, 98
1445358067.09XJJ7IPPG7_frame_00760_category_0042, 109
1445358067.09XJJ7IPPG7_frame_00569_category_0042, 108
1445358067.09XJJ7IPPG7_frame_00037_category_0042, 85
1445358067.09XJJ7IPPG7_frame_00645_category_0044, 69
1445358067.09XJJ7IPPG7_frame_00726_category_0044, 69
1445358067.09XJJ7IPPG7_frame_00481_category_0044, 75
1445358067.09XJJ7IPPG7_frame_00000_category_0044, 77
1442548244.63E94CGQNBJS_frame_00645_category_0114, 82
1442548244.63E94CGQNBJS_frame_01365_category_0114, 64
1442548244.63E94CGQNBJS_frame_02085_category_0114, 48
1442548244.63E94CGQNBJS_frame_02805_category_0114, 66
1442548244.63E94CGQNBJS_frame_03525_category_0114, 53
1442548244.63E94CGQNBJS_frame_00154_category_0114, 58
1442548244.63E94CGQNBJS_frame_01210_category_0114, 45
1442548244.63E94CGQNBJS_frame_02266_category_0114, 42
1442548244.63E94CGQNBJS_frame_03322_category_0114, 65
1442548244.63E94CGQNBJS_frame_00330_category_0114, 43
1442548244.63E94CGQNBJS_frame_01770_category_0114, 62
1442548244.63E94CGQNBJS_frame_03210_category_0114, 51
1442548244.63E94CGQNBJS_frame_00629_category_0114, 58
1442548244.63E94CGQNBJS_frame_02405_category_0114, 62
1442548244.63E94CGQNBJS_frame_00045_category_0114, 58
1442548244.63E94CGQNBJS_frame_02205_category_0114, 53
1442548244.63E94CGQNBJS_frame_00375_category_0114, 59
1442548244.63E94CGQNBJS_frame_03975_category_0114, 51
1442548244.63E94CGQNBJS_frame_01050_category_0114, 31
1442548244.63E94CGQNBJS_frame_04661_category_0114, 56
1442548244.63E94CGQNBJS_frame_04269_category_0114, 59
1442548244.63E94CGQNBJS_frame_02262_category_0063, 130
1442548244.63E94CGQNBJS_frame_02052_category_0063, 130
1442548244.63E94CGQNBJS_frame_02277_category_0063, 54
1442548244.63E94CGQNBJS_frame_03251_category_0063, 9
1442548244.63E94CGQNBJS_frame_03349_category_0063, 17
1442548244.63E94CGQNBJS_frame_03155_category_0063, 8
1442548244.63E94CGQNBJS_frame_03011_category_0063, 11
1442548244.63E94CGQNBJS_frame_03670_category_0063, 123
1442548244.63E94CGQNBJS_frame_03969_category_0063, 124
1442548244.63E94CGQNBJS_frame_04778_category_0114, 59
1442548244.63E94CGQNBJS_frame_00030_category_0090, 101
1442548244.63E94CGQNBJS_frame_00750_category_0090, 89
1442548244.63E94CGQNBJS_frame_00660_category_0090, 126
1442548244.63E94CGQNBJS_frame_00960_category_0090, 125
1442548244.63E94CGQNBJS_frame_00855_category_0090, 119
1442548244.63E94CGQNBJS_frame_04223_category_0090, 89
1442548244.63E94CGQNBJS_frame_01604_category_0090, 86
1442548244.63E94CGQNBJS_frame_02324_category_0090, 97
1442548244.63E94CGQNBJS_frame_03044_category_0090, 93
1442548244.63E94CGQNBJS_frame_03764_category_0090, 74
1442548244.63E94CGQNBJS_frame_01570_category_0090, 61
1442548244.63E94CGQNBJS_frame_02626_category_0090, 31
1442548244.63E94CGQNBJS_frame_03682_category_0090, 91
1442548244.63E94CGQNBJS_frame_01874_category_0090, 95
1442548244.63E94CGQNBJS_frame_03314_category_0090, 91
1442548244.63E94CGQNBJS_frame_01841_category_0090, 124
1442548244.63E94CGQNBJS_frame_03617_category_0090, 97
1442548244.63E94CGQNBJS_frame_02594_category_0090, 126
1442548244.63E94CGQNBJS_frame_02114_category_0090, 103
1442548244.63E94CGQNBJS_frame_03269_category_0090, 121
1442547931.71EA26FGUG69_frame_00793_category_0093, 104
1442548505.22SBA7EO4FMU_frame_09188_category_0077, 115
1442548505.22SBA7EO4FMU_frame_09034_category_0077, 113
1442548505.22SBA7EO4FMU_frame_00779_category_0077, 84
1442548505.22SBA7EO4FMU_frame_01499_category_0077, 78
1442548505.22SBA7EO4FMU_frame_02219_category_0077, 48
1442548505.22SBA7EO4FMU_frame_02939_category_0077, 29
1442548505.22SBA7EO4FMU_frame_03659_category_0077, 55
1442548505.22SBA7EO4FMU_frame_04379_category_0077, 70
1442548505.22SBA7EO4FMU_frame_05099_category_0077, 59
1442548505.22SBA7EO4FMU_frame_05819_category_0077, 59
1442548505.22SBA7EO4FMU_frame_06539_category_0077, 28
1442548505.22SBA7EO4FMU_frame_07259_category_0077, 93
1442548505.22SBA7EO4FMU_frame_00642_category_0077, 94
1442548505.22SBA7EO4FMU_frame_01698_category_0077, 80
1442548505.22SBA7EO4FMU_frame_02754_category_0077, 96
1442548505.22SBA7EO4FMU_frame_03810_category_0077, 93
1442548505.22SBA7EO4FMU_frame_04866_category_0077, 63
1442548505.22SBA7EO4FMU_frame_05922_category_0077, 76
1442548505.22SBA7EO4FMU_frame_06978_category_0077, 82
1442548505.22SBA7EO4FMU_frame_00734_category_0077, 83
1442548505.22SBA7EO4FMU_frame_02174_category_0077, 89
1442548505.22SBA7EO4FMU_frame_03614_category_0077, 77
1442548505.22SBA7EO4FMU_frame_05054_category_0077, 91
1442548505.22SBA7EO4FMU_frame_06494_category_0077, 86
1442548505.22SBA7EO4FMU_frame_00591_category_0077, 83
1442548505.22SBA7EO4FMU_frame_02367_category_0077, 83
1442548505.22SBA7EO4FMU_frame_04143_category_0077, 86
1442548505.22SBA7EO4FMU_frame_05919_category_0077, 83
1442548505.22SBA7EO4FMU_frame_07695_category_0077, 95
1442548505.22SBA7EO4FMU_frame_02444_category_0077, 65
1442548505.22SBA7EO4FMU_frame_04604_category_0077, 90
1442548505.22SBA7EO4FMU_frame_06764_category_0077, 61
1442548505.22SBA7EO4FMU_frame_02279_category_0077, 89
1442548505.22SBA7EO4FMU_frame_05879_category_0077, 29
1442548505.22SBA7EO4FMU_frame_02759_category_0077, 57
1442548505.22SBA7EO4FMU_frame_07799_category_0077, 67
1442548505.22SBA7EO4FMU_frame_07604_category_0077, 60
1442548505.22SBA7EO4FMU_frame_08045_category_0077, 75
1442548505.22SBA7EO4FMU_frame_08105_category_0077, 51
1442548505.22SBA7EO4FMU_frame_08570_category_0007, 17
1442548505.22SBA7EO4FMU_frame_08645_category_0007, 23
1442548505.22SBA7EO4FMU_frame_09064_category_0007, 24
1442548505.22SBA7EO4FMU_frame_09406_category_0007, 25
1442548505.22SBA7EO4FMU_frame_09169_category_0007, 22
1442548505.22SBA7EO4FMU_frame_00735_category_0007, 31
1442548505.22SBA7EO4FMU_frame_01455_category_0007, 28
1442548505.22SBA7EO4FMU_frame_02175_category_0007, 24
1442548505.22SBA7EO4FMU_frame_02895_category_0007, 34
1442548505.22SBA7EO4FMU_frame_03615_category_0007, 28
1442548505.22SBA7EO4FMU_frame_04335_category_0007, 19
1442548505.22SBA7EO4FMU_frame_05055_category_0007, 27
1442548505.22SBA7EO4FMU_frame_05775_category_0007, 21
1442548505.22SBA7EO4FMU_frame_06495_category_0007, 57
1442548505.22SBA7EO4FMU_frame_07215_category_0007, 52
1442548505.22SBA7EO4FMU_frame_07935_category_0007, 51
1442548505.22SBA7EO4FMU_frame_00745_category_0007, 53
1442548505.22SBA7EO4FMU_frame_01801_category_0007, 52
1442548505.22SBA7EO4FMU_frame_02857_category_0007, 57
1442548505.22SBA7EO4FMU_frame_03913_category_0007, 57
1442548505.22SBA7EO4FMU_frame_04969_category_0007, 56
1442548505.22SBA7EO4FMU_frame_06025_category_0007, 58
1442548505.22SBA7EO4FMU_frame_07081_category_0007, 62
1442548505.22SBA7EO4FMU_frame_08137_category_0007, 55
1442548505.22SBA7EO4FMU_frame_01455_category_0007, 28
1442548505.22SBA7EO4FMU_frame_02895_category_0007, 34
1442548505.22SBA7EO4FMU_frame_04335_category_0007, 19
1442548505.22SBA7EO4FMU_frame_05775_category_0007, 21
1442548505.22SBA7EO4FMU_frame_07215_category_0007, 52
1442548505.22SBA7EO4FMU_frame_00676_category_0007, 57
1442548505.22SBA7EO4FMU_frame_02452_category_0007, 55
1442548505.22SBA7EO4FMU_frame_04228_category_0007, 42
1442548505.22SBA7EO4FMU_frame_06004_category_0007, 51
1442548505.22SBA7EO4FMU_frame_07780_category_0007, 52
1442548505.22SBA7EO4FMU_frame_01770_category_0007, 58
1442548505.22SBA7EO4FMU_frame_03930_category_0007, 39
1442548505.22SBA7EO4FMU_frame_06090_category_0007, 35
1442548505.22SBA7EO4FMU_frame_00195_category_0007, 36
1442548505.22SBA7EO4FMU_frame_03795_category_0007, 35
1442548505.22SBA7EO4FMU_frame_07395_category_0007, 42
1442548505.22SBA7EO4FMU_frame_04080_category_0007, 23
1442548505.22SBA7EO4FMU_frame_01395_category_0007, 32
1442548505.22SBA7EO4FMU_frame_09589_category_0007, 27
1442548505.22SBA7EO4FMU_frame_08720_category_0077, 96
1442548505.22SBA7EO4FMU_frame_08539_category_0077, 103
1442547910.827SWQJT41S9_frame_00314_category_0096, 45
1442547910.827SWQJT41S9_frame_00494_category_0096, 35
1442547910.827SWQJT41S9_frame_01002_category_0096, 72
1442545832.732VR5CYBNPF_frame_00120_category_0056, 89
1442545832.732VR5CYBNPF_frame_00840_category_0056, 73
1442545832.732VR5CYBNPF_frame_01560_category_0056, 40
1442545832.732VR5CYBNPF_frame_00902_category_0056, 60
1442545832.732VR5CYBNPF_frame_00390_category_0056, 25
1442545832.732VR5CYBNPF_frame_00222_category_0056, 98
1442545832.732VR5CYBNPF_frame_00405_category_0056, 4
1442545832.732VR5CYBNPF_frame_01500_category_0056, 14
1442547950.26TRGTM5GY0_frame_03416_category_0049, 44
1442547950.26TRGTM5GY0_frame_04136_category_0049, 62
1442547950.26TRGTM5GY0_frame_03676_category_0049, 29
1442547950.26TRGTM5GY0_frame_03476_category_0049, 34
1442547950.26TRGTM5GY0_frame_03680_category_0049, 6
1442547950.26TRGTM5GY0_frame_04361_category_0049, 5
1442547950.26TRGTM5GY0_frame_03061_category_0049, 2
1445546780.27URV9TRJKNZ_frame_00225_category_0042, 22
1445546780.27URV9TRJKNZ_frame_00075_category_0044, 35
1445546780.27URV9TRJKNZ_frame_00795_category_0044, 50
1445546780.27URV9TRJKNZ_frame_00210_category_0044, 13
1445546780.27URV9TRJKNZ_frame_00225_category_0044, 13
1442548264.38LLM0F9PU5X_frame_00134_category_0020, 87
1445530147.82YU3XB02THB_frame_00704_category_0042, 12
1445530147.82YU3XB02THB_frame_00374_category_0042, 29
1445530147.82YU3XB02THB_frame_00449_category_0043, 14
1445530147.82YU3XB02THB_frame_00644_category_0043, 47
1445530147.82YU3XB02THB_frame_00015_category_0043, 48
1442547993.676XD31P4N0G_frame_00044_category_0050, 107
1442547993.676XD31P4N0G_frame_00225_category_0050, 98
1442548581.67XQ3AO3BK1B_frame_00788_category_0125, 24
1442551857.03BN8W7JVL19_frame_01209_category_0086, 121
1442548061.54SKADRKZJN1_frame_03043_category_0118, 126
1442548061.54SKADRKZJN1_frame_02480_category_0118, 130
1442548061.54SKADRKZJN1_frame_00315_category_0118, 128
1442548061.54SKADRKZJN1_frame_00180_category_0118, 130
1442548061.54SKADRKZJN1_frame_00375_category_0047, 80
1442547993.37L23DYV5T51_frame_02736_category_0080, 69
1442547993.37L23DYV5T51_frame_00967_category_0080, 41
1442547993.37L23DYV5T51_frame_00531_category_0080, 95
1442547993.37L23DYV5T51_frame_00174_category_0080, 46
1442547993.37L23DYV5T51_frame_02471_category_0099, 26
1442547993.37L23DYV5T51_frame_01905_category_0099, 38
1442547993.37L23DYV5T51_frame_00887_category_0099, 33
1442547993.37L23DYV5T51_frame_00672_category_0099, 37
1442547993.37L23DYV5T51_frame_00123_category_0099, 32
1442548542.83XM0BVUX7BW_frame_00464_category_0079, 56
1445457219.03K53KTRH51P_frame_00344_category_0044, 108
1445457219.03K53KTRH51P_frame_00015_category_0044, 106
1445457219.03K53KTRH51P_frame_00713_category_0042, 111
1445457219.03K53KTRH51P_frame_00432_category_0042, 101
1445457219.03K53KTRH51P_frame_00088_category_0042, 111
1442548655.051EWBBR019E_frame_00390_category_0086, 7
1442548655.051EWBBR019E_frame_01110_category_0086, 4
1442548655.051EWBBR019E_frame_00440_category_0086, 5
1442548655.051EWBBR019E_frame_01496_category_0086, 5
1442548655.051EWBBR019E_frame_01410_category_0086, 7
1442548655.051EWBBR019E_frame_00135_category_0086, 87
1442548655.051EWBBR019E_frame_01275_category_0086, 87
1442548020.34YAXWIAZDIE_frame_01483_category_0064, 45
1442547993.73JB2VJIJ6B_frame_00540_category_0050, 27
1442547993.73JB2VJIJ6B_frame_01260_category_0050, 37
1442547993.73JB2VJIJ6B_frame_01980_category_0050, 38
1442547993.73JB2VJIJ6B_frame_02700_category_0050, 33
1442547993.73JB2VJIJ6B_frame_00682_category_0050, 28
1442547993.73JB2VJIJ6B_frame_01738_category_0050, 39
1442547993.73JB2VJIJ6B_frame_02794_category_0050, 33
1442547993.73JB2VJIJ6B_frame_01230_category_0050, 47
1442547993.73JB2VJIJ6B_frame_02670_category_0050, 41
1442547993.73JB2VJIJ6B_frame_01443_category_0050, 109
1442547993.73JB2VJIJ6B_frame_00360_category_0050, 115
1442547993.73JB2VJIJ6B_frame_02520_category_0050, 111
1442547993.73JB2VJIJ6B_frame_00000_category_0050, 108
1442547993.73JB2VJIJ6B_frame_00015_category_0083, 112
1442547993.73JB2VJIJ6B_frame_00735_category_0083, 125
1442547993.73JB2VJIJ6B_frame_01455_category_0083, 127
1442547993.73JB2VJIJ6B_frame_02175_category_0083, 128
1442547993.73JB2VJIJ6B_frame_02895_category_0083, 128
1442547993.73JB2VJIJ6B_frame_00968_category_0083, 128
1442547993.73JB2VJIJ6B_frame_02024_category_0083, 86
1442547993.73JB2VJIJ6B_frame_00180_category_0083, 109
1442547993.73JB2VJIJ6B_frame_01620_category_0083, 69
1442547993.73JB2VJIJ6B_frame_00148_category_0083, 22
1442547993.73JB2VJIJ6B_frame_01924_category_0083, 7
1442547993.73JB2VJIJ6B_frame_00945_category_0083, 97
1442547993.73JB2VJIJ6B_frame_00300_category_0083, 103
1442547993.73JB2VJIJ6B_frame_01365_category_0083, 111
1445512031.04CI5ZYGZZY3_frame_00135_category_0044, 11
1442547949.58AT7XNW4XV0_frame_00075_category_0106, 36
1442547949.58AT7XNW4XV0_frame_00240_category_0106, 51
1442548581.19WO2XPIDNHW_frame_06106_category_0014, 12
1442548086.724IS51BN9G6_frame_00195_category_0086, 117
1442548086.724IS51BN9G6_frame_00389_category_0086, 103
1442548207.5G4PW08ZIAS_frame_00456_category_0051, 72
1442548207.5G4PW08ZIAS_frame_01176_category_0051, 73
1442548207.5G4PW08ZIAS_frame_00300_category_0051, 68
1442548207.5G4PW08ZIAS_frame_01356_category_0051, 67
1442548207.5G4PW08ZIAS_frame_00996_category_0051, 72
1442548207.5G4PW08ZIAS_frame_00924_category_0051, 70
1442548207.5G4PW08ZIAS_frame_01251_category_0051, 77
1442548207.5G4PW08ZIAS_frame_00036_category_0051, 71
1442547949.97AM26QPM6V_frame_00540_category_0076, 126
1442547949.97AM26QPM6V_frame_00103_category_0076, 126
1442547949.97AM26QPM6V_frame_01159_category_0076, 128
1442547949.97AM26QPM6V_frame_00274_category_0076, 127
1442547949.97AM26QPM6V_frame_01050_category_0076, 73
1442548341.196XDQ51P7JG_frame_00180_category_0076, 18
1442548341.196XDQ51P7JG_frame_00900_category_0076, 112
1442548341.196XDQ51P7JG_frame_00550_category_0076, 32
1442548341.196XDQ51P7JG_frame_00510_category_0076, 89
1442548341.196XDQ51P7JG_frame_00888_category_0076, 72
1442548341.196XDQ51P7JG_frame_00900_category_0076, 112
1442548671.15JAHM2OYKKP_frame_01819_category_0121, 90
1442548671.15JAHM2OYKKP_frame_01301_category_0121, 94
1442548671.15JAHM2OYKKP_frame_01620_category_0121, 95
1442548712.44H6HSRKVM7K_frame_00255_category_0106, 131
1442548712.44H6HSRKVM7K_frame_00090_category_0106, 131
1442548712.44H6HSRKVM7K_frame_00450_category_0106, 131
1442548693.17LWR8G0VPXE_frame_00450_category_0074, 77
1442548693.17LWR8G0VPXE_frame_00345_category_0074, 78
1442548693.17LWR8G0VPXE_frame_00450_category_0074, 77
1442548693.17LWR8G0VPXE_frame_00973_category_0074, 54
1442548693.17LWR8G0VPXE_frame_01246_category_0074, 52
1442548564.58LPOL9A3MYJ_frame_01737_category_0017, 82
1442548564.58LPOL9A3MYJ_frame_01950_category_0017, 95
1442548564.58LPOL9A3MYJ_frame_01467_category_0017, 47
1442548564.58LPOL9A3MYJ_frame_00225_category_0017, 26
1442548564.58LPOL9A3MYJ_frame_00945_category_0017, 42
1442548564.58LPOL9A3MYJ_frame_00506_category_0017, 62
1442548564.58LPOL9A3MYJ_frame_00330_category_0017, 29
1442548564.58LPOL9A3MYJ_frame_00555_category_0017, 59
1442548564.58LPOL9A3MYJ_frame_01260_category_0017, 59
1442547910.48APKQMRQPZZ_frame_01195_category_0116, 59
1442547910.48APKQMRQPZZ_frame_00034_category_0010, 11
1442547910.48APKQMRQPZZ_frame_00515_category_0116, 55
1442547910.48APKQMRQPZZ_frame_00162_category_0116, 52
1442548296.86P6Q6LTT2JT_frame_03835_category_0088, 68
1442548296.86P6Q6LTT2JT_frame_04084_category_0088, 75
1442548296.86P6Q6LTT2JT_frame_03910_category_0088, 75
1442548296.86P6Q6LTT2JT_frame_03625_category_0088, 99
1442548296.86P6Q6LTT2JT_frame_02620_category_0088, 98
1442548296.86P6Q6LTT2JT_frame_02392_category_0088, 97
1442548296.86P6Q6LTT2JT_frame_01124_category_0088, 107
1442548296.86P6Q6LTT2JT_frame_01049_category_0088, 79
1442548128.79LD8HWYLYTR_frame_00210_category_0114, 8
1442548128.79LD8HWYLYTR_frame_00528_category_0114, 4
1442548128.79LD8HWYLYTR_frame_00000_category_0114, 10
1445551380.5205DUDS8IQI_frame_00210_category_0044, 128
1445551380.5205DUDS8IQI_frame_00220_category_0044, 126
1445551380.5205DUDS8IQI_frame_00690_category_0044, 127
1445551380.5205DUDS8IQI_frame_00525_category_0044, 129
1445551380.5205DUDS8IQI_frame_00180_category_0042, 95
1442552944.01M08A7W454N_frame_00435_category_0062, 117
1442552944.01M08A7W454N_frame_01155_category_0062, 92
1442552944.01M08A7W454N_frame_00682_category_0062, 127
1442552944.01M08A7W454N_frame_00450_category_0062, 120
1442552944.01M08A7W454N_frame_00592_category_0062, 121
1442552944.01M08A7W454N_frame_01170_category_0062, 98
1442547971.60TGMTZHOAK_frame_02414_category_0005, 11
1442547971.43QVM98O6YNY_frame_00239_category_0060, 125
1442547971.43QVM98O6YNY_frame_00959_category_0060, 125
1442547971.43QVM98O6YNY_frame_00356_category_0060, 124
1442547971.43QVM98O6YNY_frame_01412_category_0060, 123
1442547971.43QVM98O6YNY_frame_01424_category_0060, 100
1442547971.43QVM98O6YNY_frame_00494_category_0060, 107
1442547971.43QVM98O6YNY_frame_00854_category_0060, 115
1442547971.43QVM98O6YNY_frame_02107_category_0060, 108
1442547971.43QVM98O6YNY_frame_01867_category_0060, 104
1442547971.43QVM98O6YNY_frame_01927_category_0060, 96
1444959545.91JPI7PEKI2_frame_00494_category_0043, 83
1444959545.91JPI7PEKI2_frame_00480_category_0044, 124
1444959545.91JPI7PEKI2_frame_00484_category_0044, 122
1444959545.91JPI7PEKI2_frame_00037_category_0044, 125
1444959545.91JPI7PEKI2_frame_00525_category_0044, 129
1442548085.79TRJEFNTPW2_frame_00460_category_0015, 106
1442548456.46QXI5ECKZJA_frame_00105_category_0078, 25
1442548456.46QXI5ECKZJA_frame_00045_category_0046, 65
1442548456.46QXI5ECKZJA_frame_00154_category_0046, 53
1442548456.46QXI5ECKZJA_frame_00111_category_0046, 62
1442548420.22CEPVJ2R6PW_frame_00974_category_0088, 91
1445581846.73W09MI1HP2U_frame_00345_category_0042, 103
1445581846.73W09MI1HP2U_frame_00090_category_0042, 93
1445581846.73W09MI1HP2U_frame_00110_category_0044, 127
1445581846.73W09MI1HP2U_frame_00300_category_0044, 129
1442548263.05VUHUSLAGQV_frame_00508_category_0024, 99
1442547971.924OZXYFRDHR_frame_00839_category_0073, 20
1442547971.924OZXYFRDHR_frame_00836_category_0073, 62
1442547971.924OZXYFRDHR_frame_01304_category_0073, 50
1442547971.924OZXYFRDHR_frame_01154_category_0073, 72
1442547971.924OZXYFRDHR_frame_00405_category_0073, 72
1442547971.924OZXYFRDHR_frame_00030_category_0073, 48
1442548226.01MJRRX5WLHP_frame_00673_category_0041, 7
1442548226.01MJRRX5WLHP_frame_00748_category_0041, 6
1442548226.01MJRRX5WLHP_frame_00210_category_0041, 12
1442552941.1PU2ABTXF0C_frame_02891_category_0092, 46
1442552941.1PU2ABTXF0C_frame_02619_category_0092, 40
1442552941.1PU2ABTXF0C_frame_02681_category_0092, 126
1442552941.1PU2ABTXF0C_frame_03200_category_0092, 123
1442552941.1PU2ABTXF0C_frame_02726_category_0092, 115
1442552941.1PU2ABTXF0C_frame_02098_category_0092, 108
1442552941.1PU2ABTXF0C_frame_01288_category_0092, 109
1442552941.1PU2ABTXF0C_frame_01483_category_0092, 86
1442552941.1PU2ABTXF0C_frame_00225_category_0092, 85
1442552941.1PU2ABTXF0C_frame_00154_category_0092, 85
1442552941.1PU2ABTXF0C_frame_00510_category_0092, 95
1442552941.1PU2ABTXF0C_frame_00630_category_0092, 83
1442547970.54O6GLRE1NU2_frame_00300_category_0058, 125
1442547970.54O6GLRE1NU2_frame_00105_category_0058, 116
1442547931.4PSKQ6AGRCC_frame_00660_category_0052, 30
1442547931.4PSKQ6AGRCC_frame_00220_category_0052, 21
1442547931.4PSKQ6AGRCC_frame_00060_category_0052, 18
1442547931.4PSKQ6AGRCC_frame_00333_category_0052, 12
1442547931.4PSKQ6AGRCC_frame_01080_category_0052, 11
1442548543.486Y6MZWFGS6_frame_00812_category_0078, 76
1442548543.486Y6MZWFGS6_frame_01106_category_0078, 83
1442548476.031NTRJ1A78B_frame_00150_category_0123, 124
1442547950.06EI8GMYHORM_frame_00270_category_0083, 18
1445646468.91GFMSUF20UP_frame_00370_category_0042, 79
1442547971.64NX6QLOUXW8_frame_00600_category_0090, 1
1442547971.64NX6QLOUXW8_frame_00210_category_0090, 1
1442547971.64NX6QLOUXW8_frame_00540_category_0090, 1
1442547971.64NX6QLOUXW8_frame_02667_category_0090, 1
1442547971.64NX6QLOUXW8_frame_02776_category_0090, 1
1442547971.64NX6QLOUXW8_frame_02662_category_0090, 1
1442547971.64NX6QLOUXW8_frame_02892_category_0090, 1
1442547971.64NX6QLOUXW8_frame_03842_category_0090, 1
1442547971.64NX6QLOUXW8_frame_03490_category_0090, 1
1442547971.64NX6QLOUXW8_frame_01379_category_0090, 1
1442547971.64NX6QLOUXW8_frame_01028_category_0090, 1
1442547971.64NX6QLOUXW8_frame_00974_category_0090, 1
1442547971.64NX6QLOUXW8_frame_01393_category_0090, 1
1442547971.64NX6QLOUXW8_frame_01439_category_0090, 64
1442547971.64NX6QLOUXW8_frame_00674_category_0063, 22
1442547971.64NX6QLOUXW8_frame_00779_category_0063, 46
1442548564.66JQAOZ40T8U_frame_04731_category_0079, 127
1442548564.66JQAOZ40T8U_frame_01185_category_0084, 40
1442548564.66JQAOZ40T8U_frame_05204_category_0084, 82
1442548564.66JQAOZ40T8U_frame_04814_category_0084, 82
1442548564.66JQAOZ40T8U_frame_00000_category_0084, 129
1442548564.66JQAOZ40T8U_frame_00663_category_0084, 58
1442548564.66JQAOZ40T8U_frame_00975_category_0084, 69
1442548564.66JQAOZ40T8U_frame_07498_category_0084, 69
1442548564.66JQAOZ40T8U_frame_07063_category_0084, 65
1442548564.66JQAOZ40T8U_frame_06913_category_0084, 66
1442548564.66JQAOZ40T8U_frame_06403_category_0084, 65
1442548564.66JQAOZ40T8U_frame_06253_category_0084, 71
1442548564.66JQAOZ40T8U_frame_06133_category_0084, 65
1442548564.66JQAOZ40T8U_frame_05896_category_0084, 65
1442548244.191S8MCDE9L0_frame_01292_category_0061, 115
1442548244.191S8MCDE9L0_frame_01409_category_0061, 108
1442553653.1354AEHDQ76V_frame_01693_category_0089, 101
1442553653.1354AEHDQ76V_frame_01341_category_0089, 104
1442553653.1354AEHDQ76V_frame_01109_category_0089, 99
1442553653.1354AEHDQ76V_frame_00859_category_0089, 95
1442553653.1354AEHDQ76V_frame_00561_category_0089, 88
1442548060.25WY45X3BJZM_frame_00074_category_0083, 29
1445516827.861HICX3TSE2_frame_00254_category_0042, 51
1445516827.861HICX3TSE2_frame_00360_category_0044, 104
1445516827.861HICX3TSE2_frame_00240_category_0044, 105
1445516827.861HICX3TSE2_frame_00315_category_0044, 111
1445516827.861HICX3TSE2_frame_00110_category_0043, 71
1445516827.861HICX3TSE2_frame_00296_category_0043, 52
1442548618.46GREFT07WVY_frame_01447_category_0072, 37
1442548618.46GREFT07WVY_frame_01081_category_0072, 46
1442548618.46GREFT07WVY_frame_03832_category_0072, 53
1442548618.46GREFT07WVY_frame_03667_category_0072, 56
1442548618.46GREFT07WVY_frame_01979_category_0072, 59
1442547911.64SAW6WJVAN2_frame_02744_category_0111, 105
1442547911.64SAW6WJVAN2_frame_04454_category_0111, 78
1442547911.64SAW6WJVAN2_frame_04454_category_0111, 78
1442547911.64SAW6WJVAN2_frame_07003_category_0111, 90
1442547911.64SAW6WJVAN2_frame_07057_category_0111, 7
1442547911.64SAW6WJVAN2_frame_06759_category_0111, 9
1442547911.64SAW6WJVAN2_frame_06778_category_0111, 16
1442547911.64SAW6WJVAN2_frame_05010_category_0111, 9
1442547911.64SAW6WJVAN2_frame_06298_category_0111, 7
1442554407.88K3RS3Z4Z5G_frame_00135_category_0013, 27
1442548400.64P66PM73SCT_frame_01109_category_0040, 71
1442547930.64H75LPAR4HM_frame_00420_category_0056, 118
1442547930.64H75LPAR4HM_frame_01140_category_0056, 122
1442547930.64H75LPAR4HM_frame_00572_category_0056, 122
1442547930.64H75LPAR4HM_frame_00210_category_0056, 121
1442547930.64H75LPAR4HM_frame_00222_category_0056, 121
1442547930.64H75LPAR4HM_frame_00630_category_0056, 128
1442547930.64H75LPAR4HM_frame_01155_category_0056, 128
1442547911.36R1JUGPNAHQ_frame_00555_category_0116, 79
1442547911.36R1JUGPNAHQ_frame_00165_category_0116, 67
1442547911.36R1JUGPNAHQ_frame_00510_category_0116, 65
1442547911.36R1JUGPNAHQ_frame_01138_category_0059, 73
1442547911.36R1JUGPNAHQ_frame_01858_category_0059, 51
1442547911.36R1JUGPNAHQ_frame_01687_category_0059, 54
1442547911.36R1JUGPNAHQ_frame_01843_category_0059, 57
1442547911.36R1JUGPNAHQ_frame_01348_category_0059, 67
1442553088.85S07UAUJEDF_frame_01064_category_0033, 17
1442553088.85S07UAUJEDF_frame_01232_category_0033, 44
1442553088.85S07UAUJEDF_frame_01367_category_0033, 101
1442553088.85S07UAUJEDF_frame_01724_category_0033, 49
1442553088.85S07UAUJEDF_frame_03328_category_0033, 25
1442553088.85S07UAUJEDF_frame_03103_category_0033, 109
1442553088.85S07UAUJEDF_frame_03013_category_0033, 87
1442553088.85S07UAUJEDF_frame_02653_category_0033, 107
1442553088.85S07UAUJEDF_frame_02534_category_0033, 101
1442553088.85S07UAUJEDF_frame_02144_category_0033, 97
1442553088.85S07UAUJEDF_frame_00375_category_0033, 88
1442553088.85S07UAUJEDF_frame_00945_category_0033, 89
1442548653.37V3H1C9EVWM_frame_00284_category_0089, 38
1442548524.086O58NPCJ52_frame_00150_category_0076, 12
1442548524.086O58NPCJ52_frame_00110_category_0076, 62
1442548524.086O58NPCJ52_frame_00510_category_0076, 59
1442548524.086O58NPCJ52_frame_00075_category_0076, 61
1442548456.842IA49U9WNT_frame_00405_category_0073, 115
1442548456.842IA49U9WNT_frame_01125_category_0073, 110
1442548456.842IA49U9WNT_frame_00594_category_0073, 110
1442548456.842IA49U9WNT_frame_00300_category_0073, 128
1442548456.842IA49U9WNT_frame_00370_category_0073, 121
1442548456.842IA49U9WNT_frame_00855_category_0073, 99
1442548456.842IA49U9WNT_frame_00450_category_0073, 104
1442548456.842IA49U9WNT_frame_00630_category_0124, 30
1442548456.842IA49U9WNT_frame_01350_category_0124, 17
1442548456.842IA49U9WNT_frame_00924_category_0124, 14
1442548456.842IA49U9WNT_frame_00750_category_0124, 29
1442548456.842IA49U9WNT_frame_00925_category_0124, 47
1442548456.842IA49U9WNT_frame_00150_category_0124, 107
1442548542.21LEV5HZQQXN_frame_05004_category_0078, 35
1442548542.21LEV5HZQQXN_frame_05177_category_0078, 72
1442548542.21LEV5HZQQXN_frame_05313_category_0078, 50
1442548542.21LEV5HZQQXN_frame_05708_category_0078, 99
1442548542.21LEV5HZQQXN_frame_05580_category_0078, 57
1442548542.21LEV5HZQQXN_frame_05858_category_0078, 49
1442548542.21LEV5HZQQXN_frame_05873_category_0078, 43
1442548542.21LEV5HZQQXN_frame_07641_category_0078, 77
1442548542.21LEV5HZQQXN_frame_08030_category_0078, 96
1442548542.21LEV5HZQQXN_frame_08159_category_0078, 6
1442548542.21LEV5HZQQXN_frame_08154_category_0078, 10
1442548542.21LEV5HZQQXN_frame_08659_category_0078, 12
1442548542.21LEV5HZQQXN_frame_08884_category_0078, 4
1442548542.21LEV5HZQQXN_frame_04105_category_0078, 8
1442548542.21LEV5HZQQXN_frame_03850_category_0078, 5
1442548542.21LEV5HZQQXN_frame_03970_category_0078, 10
1442548542.21LEV5HZQQXN_frame_04590_category_0078, 97
1442548542.21LEV5HZQQXN_frame_04690_category_0078, 100
1442548542.21LEV5HZQQXN_frame_00525_category_0102, 127
1442548542.21LEV5HZQQXN_frame_00480_category_0102, 115
1442548542.21LEV5HZQQXN_frame_00300_category_0102, 122
1442548542.21LEV5HZQQXN_frame_00270_category_0078, 122
1442548542.21LEV5HZQQXN_frame_00990_category_0078, 117
1442548542.21LEV5HZQQXN_frame_00044_category_0078, 119
1442548542.21LEV5HZQQXN_frame_01100_category_0078, 124
1442548542.21LEV5HZQQXN_frame_00660_category_0078, 124
1442548542.21LEV5HZQQXN_frame_00518_category_0078, 121
1442548542.21LEV5HZQQXN_frame_00765_category_0078, 122
1442548542.21LEV5HZQQXN_frame_00630_category_0078, 120
1442548542.21LEV5HZQQXN_frame_02128_category_0078, 119
1442548542.21LEV5HZQQXN_frame_02848_category_0078, 114
1442548542.21LEV5HZQQXN_frame_03568_category_0078, 112
1442548542.21LEV5HZQQXN_frame_02427_category_0078, 81
1442548542.21LEV5HZQQXN_frame_03483_category_0078, 113
1442548542.21LEV5HZQQXN_frame_02713_category_0078, 106
1442548542.21LEV5HZQQXN_frame_02167_category_0078, 111
1442548542.21LEV5HZQQXN_frame_01903_category_0078, 119
1442548542.21LEV5HZQQXN_frame_02173_category_0078, 110
1442548542.21LEV5HZQQXN_frame_02923_category_0078, 114
1442548542.21LEV5HZQQXN_frame_07192_category_0078, 35
1442548542.21LEV5HZQQXN_frame_07251_category_0078, 110
1442548542.21LEV5HZQQXN_frame_06954_category_0078, 118
1442548542.21LEV5HZQQXN_frame_07072_category_0078, 119
1442547994.2S5HUY38IPV_frame_00044_category_0106, 85
1442547994.2S5HUY38IPV_frame_00185_category_0106, 70
1442547992.81TOV8YGMCNL_frame_00165_category_0061, 105
1442547992.81TOV8YGMCNL_frame_00885_category_0061, 84
1442547992.81TOV8YGMCNL_frame_01605_category_0061, 110
1442547992.81TOV8YGMCNL_frame_02325_category_0061, 68
1442547992.81TOV8YGMCNL_frame_03045_category_0061, 89
1442547992.81TOV8YGMCNL_frame_00330_category_0061, 67
1442547992.81TOV8YGMCNL_frame_01386_category_0061, 76
1442547992.81TOV8YGMCNL_frame_02442_category_0061, 57
1442547992.81TOV8YGMCNL_frame_03498_category_0061, 57
1442547992.81TOV8YGMCNL_frame_01380_category_0061, 56
1442547992.81TOV8YGMCNL_frame_02820_category_0061, 125
1442547992.81TOV8YGMCNL_frame_00888_category_0061, 100
1442547992.81TOV8YGMCNL_frame_02664_category_0061, 68
1442547992.81TOV8YGMCNL_frame_01125_category_0061, 45
1442547992.81TOV8YGMCNL_frame_03285_category_0061, 74
1442547992.81TOV8YGMCNL_frame_03225_category_0061, 24
1442547992.81TOV8YGMCNL_frame_01650_category_0061, 60
1442547992.81TOV8YGMCNL_frame_04315_category_0061, 22
1442547992.81TOV8YGMCNL_frame_05035_category_0061, 45
1442547992.81TOV8YGMCNL_frame_05755_category_0061, 58
1442547992.81TOV8YGMCNL_frame_04714_category_0061, 61
1442547992.81TOV8YGMCNL_frame_05770_category_0061, 66
1442547992.81TOV8YGMCNL_frame_05140_category_0061, 48
1442547992.81TOV8YGMCNL_frame_04715_category_0061, 92
1442547992.81TOV8YGMCNL_frame_04600_category_0061, 84
1442547992.81TOV8YGMCNL_frame_05365_category_0061, 74
1442547992.81TOV8YGMCNL_frame_06158_category_0061, 71
1442547992.81TOV8YGMCNL_frame_06878_category_0061, 23
1442547992.81TOV8YGMCNL_frame_07598_category_0061, 62
1442547992.81TOV8YGMCNL_frame_08318_category_0061, 62
1442547992.81TOV8YGMCNL_frame_09038_category_0061, 74
1442547992.81TOV8YGMCNL_frame_06558_category_0061, 95
1442547992.81TOV8YGMCNL_frame_07614_category_0061, 84
1442547992.81TOV8YGMCNL_frame_08670_category_0061, 78
1442547992.81TOV8YGMCNL_frame_06488_category_0061, 40
1442547992.81TOV8YGMCNL_frame_07928_category_0061, 54
1442547992.81TOV8YGMCNL_frame_06008_category_0061, 22
1442547992.81TOV8YGMCNL_frame_07784_category_0061, 54
1442547992.81TOV8YGMCNL_frame_06233_category_0061, 77
1442547992.81TOV8YGMCNL_frame_08393_category_0061, 64
1442547992.81TOV8YGMCNL_frame_07958_category_0061, 18
1442547992.81TOV8YGMCNL_frame_09053_category_0061, 49
1442547992.81TOV8YGMCNL_frame_09769_category_0061, 56
1442547992.81TOV8YGMCNL_frame_09572_category_0061, 26
1442547993.5XRDIAB1DDH_frame_00066_category_0083, 125
1442545834.14TJSVEWIBE4_frame_01920_category_0068, 81
1442545834.14TJSVEWIBE4_frame_02045_category_0068, 83
1442545834.14TJSVEWIBE4_frame_02012_category_0068, 77
1442545834.14TJSVEWIBE4_frame_00285_category_0068, 81
1442545834.14TJSVEWIBE4_frame_03044_category_0068, 59
1442545834.14TJSVEWIBE4_frame_03764_category_0068, 64
1442545834.14TJSVEWIBE4_frame_03550_category_0068, 78
1442545834.14TJSVEWIBE4_frame_03674_category_0068, 78
1442545834.14TJSVEWIBE4_frame_03224_category_0068, 52
1442545834.14TJSVEWIBE4_frame_03644_category_0068, 75
1442545834.14TJSVEWIBE4_frame_04184_category_0068, 87
1442545834.14TJSVEWIBE4_frame_04934_category_0068, 93
1442545834.14TJSVEWIBE4_frame_04694_category_0068, 106
1442545834.14TJSVEWIBE4_frame_02708_category_0068, 129
1442545834.14TJSVEWIBE4_frame_02444_category_0068, 129
1442545834.14TJSVEWIBE4_frame_05414_category_0068, 129
1442545834.14TJSVEWIBE4_frame_05174_category_0068, 120
1442545834.14TJSVEWIBE4_frame_07723_category_0068, 111
1442545834.14TJSVEWIBE4_frame_08443_category_0068, 108
1442545834.14TJSVEWIBE4_frame_07893_category_0068, 114
1442545834.14TJSVEWIBE4_frame_07543_category_0068, 112
1442545834.14TJSVEWIBE4_frame_07567_category_0068, 115
1442545834.14TJSVEWIBE4_frame_07978_category_0068, 51
1442545834.14TJSVEWIBE4_frame_07123_category_0068, 90
1442545834.14TJSVEWIBE4_frame_00675_category_0068, 45
1442545834.14TJSVEWIBE4_frame_00930_category_0068, 17
1442545834.14TJSVEWIBE4_frame_00975_category_0068, 19
1442553501.0GH3QR27ZQP_frame_00405_category_0123, 71
1442553501.0GH3QR27ZQP_frame_00111_category_0123, 39
1442553501.0GH3QR27ZQP_frame_00165_category_0123, 18
1442553501.0GH3QR27ZQP_frame_00711_category_0123, 56
1442553501.0GH3QR27ZQP_frame_00255_category_0123, 36
1442553751.3VK41TE1C31_frame_00015_category_0046, 58
1442553751.3VK41TE1C31_frame_00110_category_0046, 60
1442553751.3VK41TE1C31_frame_00037_category_0046, 39
1442553751.3VK41TE1C31_frame_00450_category_0046, 43
1444315327.48JOSZXW4NR_frame_00600_category_0044, 126
1444315327.48JOSZXW4NR_frame_00638_category_0044, 113
1444315327.48JOSZXW4NR_frame_00296_category_0044, 25
1444315327.48JOSZXW4NR_frame_00210_category_0044, 23
1442547932.18H5GEMNLLUX_frame_00510_category_0118, 131
1442547932.18H5GEMNLLUX_frame_00540_category_0118, 130
1442547970.53TKS5I9QU0T_frame_08362_category_0110, 90
1445445180.52PNJDDK6EEJ_frame_00725_category_0042, 53
1445445180.52PNJDDK6EEJ_frame_00164_category_0042, 52
1442547949.15ZT9VFYJVXT_frame_01932_category_0123, 108
1445384291.461AJCEOJ6SP_frame_00015_category_0044, 23
1445384291.461AJCEOJ6SP_frame_00735_category_0044, 21
1445384291.461AJCEOJ6SP_frame_00858_category_0044, 24
1445384291.461AJCEOJ6SP_frame_00666_category_0044, 22
1445384291.461AJCEOJ6SP_frame_00434_category_0053, 99
1442548087.08SWJL13OMJ5_frame_04214_category_0054, 129
1442548087.08SWJL13OMJ5_frame_04934_category_0054, 59
1442548087.08SWJL13OMJ5_frame_03944_category_0054, 108
1442548087.08SWJL13OMJ5_frame_05000_category_0054, 105
1442548087.08SWJL13OMJ5_frame_04454_category_0054, 52
1442548087.08SWJL13OMJ5_frame_04206_category_0054, 65
1442548087.08SWJL13OMJ5_frame_04289_category_0054, 47
1442548087.08SWJL13OMJ5_frame_05339_category_0054, 90
1442548087.08SWJL13OMJ5_frame_00525_category_0054, 106
1442548087.08SWJL13OMJ5_frame_00255_category_0054, 117
1442548087.08SWJL13OMJ5_frame_00255_category_0054, 117
1442548087.08SWJL13OMJ5_frame_02849_category_0054, 108
1442548087.08SWJL13OMJ5_frame_02354_category_0054, 115
1442548087.08SWJL13OMJ5_frame_03410_category_0054, 112
1442548087.08SWJL13OMJ5_frame_02391_category_0054, 29
1442548087.08SWJL13OMJ5_frame_03074_category_0054, 45
1442548087.08SWJL13OMJ5_frame_01185_category_0054, 44
1442548087.08SWJL13OMJ5_frame_01905_category_0054, 29
1442548087.08SWJL13OMJ5_frame_01617_category_0054, 30
1442548087.08SWJL13OMJ5_frame_01635_category_0054, 52
1442548087.08SWJL13OMJ5_frame_02117_category_0054, 66
1442548087.08SWJL13OMJ5_frame_01470_category_0054, 59
1442548437.95G2577TE6LH_frame_00659_category_0004, 86
1442548437.95G2577TE6LH_frame_00494_category_0004, 83
1442548437.95G2577TE6LH_frame_00944_category_0004, 88
1442548437.95G2577TE6LH_frame_00375_category_0004, 130
1442548437.95G2577TE6LH_frame_01857_category_0004, 78
1442548437.95G2577TE6LH_frame_02010_category_0004, 76
1442548437.95G2577TE6LH_frame_02037_category_0004, 121
1442548437.95G2577TE6LH_frame_01303_category_0004, 78
1445482306.9QNEERGEFHU_frame_00404_category_0044, 115
1445482306.9QNEERGEFHU_frame_00482_category_0043, 4
1445482306.9QNEERGEFHU_frame_00030_category_0043, 5
1444272365.4R3O9DO4WGM_frame_00641_category_0044, 2
1444272365.4R3O9DO4WGM_frame_00791_category_0043, 61
1442547972.15UUOEYRTJJK_frame_00525_category_0050, 85
1442547972.15UUOEYRTJJK_frame_00290_category_0050, 85
1442548361.3SVJZEH3X17_frame_00240_category_0114, 58
1442548361.3SVJZEH3X17_frame_00220_category_0114, 37
1442548361.3SVJZEH3X17_frame_00660_category_0114, 71
1442548361.3SVJZEH3X17_frame_00300_category_0114, 37
1442548565.99O6EKD7UUTP_frame_00462_category_0106, 4
1442548565.99O6EKD7UUTP_frame_00312_category_0106, 15
1442548565.99O6EKD7UUTP_frame_00771_category_0106, 71
1442547993.05CW10IAUXY4_frame_00225_category_0045, 33
1442547993.05CW10IAUXY4_frame_00945_category_0045, 125
1442547993.05CW10IAUXY4_frame_01665_category_0045, 118
1442547993.05CW10IAUXY4_frame_00902_category_0045, 54
1442547993.05CW10IAUXY4_frame_00270_category_0045, 47
1442547993.05CW10IAUXY4_frame_01710_category_0045, 87
1442547993.05CW10IAUXY4_frame_01702_category_0045, 74
1442547993.05CW10IAUXY4_frame_00525_category_0045, 29
1442548341.27CZR4HUU00F_frame_01872_category_0003, 92
1442548341.27CZR4HUU00F_frame_00860_category_0003, 39
1442548341.27CZR4HUU00F_frame_00944_category_0003, 19
1442548419.94SBGVYV68C0_frame_00690_category_0038, 80
1442548419.94SBGVYV68C0_frame_01410_category_0038, 76
1442548419.94SBGVYV68C0_frame_02130_category_0038, 70
1442548419.94SBGVYV68C0_frame_02850_category_0038, 78
1442548419.94SBGVYV68C0_frame_03570_category_0038, 99
1442548419.94SBGVYV68C0_frame_04290_category_0038, 68
1442548419.94SBGVYV68C0_frame_05010_category_0038, 129
1442548419.94SBGVYV68C0_frame_05730_category_0038, 83
1442548419.94SBGVYV68C0_frame_06450_category_0038, 96
1442548419.94SBGVYV68C0_frame_07170_category_0038, 109
1442548419.94SBGVYV68C0_frame_07890_category_0038, 104
1442548419.94SBGVYV68C0_frame_08610_category_0038, 113
1442548419.94SBGVYV68C0_frame_09330_category_0038, 125
1442548419.94SBGVYV68C0_frame_00704_category_0038, 125
1442548419.94SBGVYV68C0_frame_01760_category_0038, 123
1442548419.94SBGVYV68C0_frame_02816_category_0038, 124
1442548419.94SBGVYV68C0_frame_03872_category_0038, 124
1442548419.94SBGVYV68C0_frame_04928_category_0038, 114
1442548419.94SBGVYV68C0_frame_05984_category_0038, 121
1442548419.94SBGVYV68C0_frame_07040_category_0038, 117
1442548419.94SBGVYV68C0_frame_08096_category_0038, 70
1442548419.94SBGVYV68C0_frame_09152_category_0038, 67
1442548419.94SBGVYV68C0_frame_00870_category_0038, 76
1442548419.94SBGVYV68C0_frame_02310_category_0038, 62
1442548419.94SBGVYV68C0_frame_03750_category_0038, 121
1442548419.94SBGVYV68C0_frame_05190_category_0038, 89
1442548419.94SBGVYV68C0_frame_06630_category_0038, 88
1442548419.94SBGVYV68C0_frame_08070_category_0038, 115
1442548419.94SBGVYV68C0_frame_09510_category_0038, 10
1442548419.94SBGVYV68C0_frame_01702_category_0038, 29
1442548419.94SBGVYV68C0_frame_03478_category_0038, 95
1442548419.94SBGVYV68C0_frame_05254_category_0038, 24
1442548419.94SBGVYV68C0_frame_07030_category_0038, 27
1442548419.94SBGVYV68C0_frame_08806_category_0038, 23
1442548419.94SBGVYV68C0_frame_01260_category_0038, 113
1442548419.94SBGVYV68C0_frame_03420_category_0038, 109
1442548419.94SBGVYV68C0_frame_05580_category_0038, 101
1442548419.94SBGVYV68C0_frame_07740_category_0038, 49
1442548419.94SBGVYV68C0_frame_00600_category_0038, 56
1442548419.94SBGVYV68C0_frame_04200_category_0038, 58
1442548419.94SBGVYV68C0_frame_07800_category_0038, 35
1442548419.94SBGVYV68C0_frame_02625_category_0038, 79
1442548419.94SBGVYV68C0_frame_07665_category_0038, 90
1442548419.94SBGVYV68C0_frame_04500_category_0038, 102
1442547911.9DPA8JTHNQ8_frame_00704_category_0130, 124
1442547911.9DPA8JTHNQ8_frame_01188_category_0130, 92
1442547911.9DPA8JTHNQ8_frame_01618_category_0130, 21
1442547911.9DPA8JTHNQ8_frame_01877_category_0130, 97
1442547911.9DPA8JTHNQ8_frame_01663_category_0130, 95
1442547911.9DPA8JTHNQ8_frame_02262_category_0130, 84
1442547911.9DPA8JTHNQ8_frame_02516_category_0130, 49
1442547911.9DPA8JTHNQ8_frame_02787_category_0130, 14
1442547911.9DPA8JTHNQ8_frame_04735_category_0130, 47
1442547911.9DPA8JTHNQ8_frame_04314_category_0130, 15
1442547911.9DPA8JTHNQ8_frame_05370_category_0130, 22
1442547911.9DPA8JTHNQ8_frame_04529_category_0130, 67
1442547911.9DPA8JTHNQ8_frame_05350_category_0130, 104
1442547911.9DPA8JTHNQ8_frame_05754_category_0130, 101
1442547911.9DPA8JTHNQ8_frame_06474_category_0130, 129
1442547911.9DPA8JTHNQ8_frame_05823_category_0130, 129
1442547911.9DPA8JTHNQ8_frame_06879_category_0130, 129
1442547911.9DPA8JTHNQ8_frame_06819_category_0130, 129
1442547911.9DPA8JTHNQ8_frame_05694_category_0130, 129
1442547911.9DPA8JTHNQ8_frame_05559_category_0130, 129
1442547911.9DPA8JTHNQ8_frame_07087_category_0130, 12
1442547911.9DPA8JTHNQ8_frame_07416_category_0130, 2
1442547911.9DPA8JTHNQ8_frame_07836_category_0130, 2
1442547911.9DPA8JTHNQ8_frame_08016_category_0130, 2
1442547911.9DPA8JTHNQ8_frame_08405_category_0130, 2
1442547911.9DPA8JTHNQ8_frame_08539_category_0130, 2
1442547911.9DPA8JTHNQ8_frame_08835_category_0130, 2
1442547911.9DPA8JTHNQ8_frame_08615_category_0130, 2
1442547911.9DPA8JTHNQ8_frame_09529_category_0130, 2
1442547911.9DPA8JTHNQ8_frame_09593_category_0130, 3
1442547911.9DPA8JTHNQ8_frame_09874_category_0130, 2
1442547911.9DPA8JTHNQ8_frame_10878_category_0130, 2
1442547911.9DPA8JTHNQ8_frame_11598_category_0130, 2
1442547911.9DPA8JTHNQ8_frame_11231_category_0130, 2
1442547911.9DPA8JTHNQ8_frame_11133_category_0130, 2
1442547911.9DPA8JTHNQ8_frame_11410_category_0130, 2
1442547911.9DPA8JTHNQ8_frame_11013_category_0130, 2
1442547911.9DPA8JTHNQ8_frame_11911_category_0130, 5
1442547949.39J6WGJOGOAC_frame_01037_category_0098, 74
1442547949.39J6WGJOGOAC_frame_01757_category_0098, 66
1442547949.39J6WGJOGOAC_frame_02477_category_0098, 76
1442547949.39J6WGJOGOAC_frame_03197_category_0098, 73
1442547949.39J6WGJOGOAC_frame_01089_category_0098, 106
1442547949.39J6WGJOGOAC_frame_02145_category_0098, 112
1442547949.39J6WGJOGOAC_frame_03201_category_0098, 119
1442547949.39J6WGJOGOAC_frame_01547_category_0098, 113
1442547949.39J6WGJOGOAC_frame_02987_category_0098, 123
1442547949.39J6WGJOGOAC_frame_01662_category_0098, 121
1442547949.39J6WGJOGOAC_frame_03438_category_0098, 123
1442547949.39J6WGJOGOAC_frame_02627_category_0098, 124
1442547949.39J6WGJOGOAC_frame_02612_category_0098, 107
1442547949.39J6WGJOGOAC_frame_01637_category_0098, 119
1442547949.39J6WGJOGOAC_frame_00537_category_0098, 66
1442547949.39J6WGJOGOAC_frame_00342_category_0098, 63
1442547949.39J6WGJOGOAC_frame_00537_category_0098, 66
1442547972.16J6I2TUM428_frame_00839_category_0088, 124
1445377537.55VPQQ1YPKKY_frame_00590_category_0053, 97
1445377537.55VPQQ1YPKKY_frame_00284_category_0053, 113
1445377537.55VPQQ1YPKKY_frame_00450_category_0042, 85
1445377537.55VPQQ1YPKKY_frame_00440_category_0042, 104
1445377537.55VPQQ1YPKKY_frame_00840_category_0042, 99
1445377537.55VPQQ1YPKKY_frame_00375_category_0042, 101
1445377537.55VPQQ1YPKKY_frame_00748_category_0044, 121
1445472463.53VTRGRAFOC5_frame_00000_category_0042, 107
1445472463.53VTRGRAFOC5_frame_00276_category_0044, 118
1442547910.91GZKDCLQW9J_frame_01589_category_0047, 89
1442547910.91GZKDCLQW9J_frame_01704_category_0047, 23
1442547910.91GZKDCLQW9J_frame_01669_category_0047, 8
1442547910.91GZKDCLQW9J_frame_01229_category_0047, 14
1442548295.380UYH83EDH0_frame_01214_category_0055, 106
1442548295.380UYH83EDH0_frame_01064_category_0055, 102
1442548295.380UYH83EDH0_frame_00689_category_0055, 108
1442548295.380UYH83EDH0_frame_00165_category_0055, 108
1442547994.73T1K170MHQV_frame_00555_category_0083, 121
1442547994.73T1K170MHQV_frame_01275_category_0083, 60
1442547994.73T1K170MHQV_frame_00594_category_0083, 93
1442547994.73T1K170MHQV_frame_00090_category_0083, 101
1442547994.73T1K170MHQV_frame_01530_category_0083, 98
1442547994.73T1K170MHQV_frame_00135_category_0083, 102
1442547994.73T1K170MHQV_frame_01200_category_0083, 113
1442548021.91PK3BZD62FL_frame_01723_category_0000, 97
1442548021.91PK3BZD62FL_frame_01319_category_0000, 90
1442548021.91PK3BZD62FL_frame_00614_category_0000, 105
1442547930.69HVPNPGRZEL_frame_00120_category_0050, 117
1442547930.69HVPNPGRZEL_frame_00242_category_0050, 123
1442547930.69HVPNPGRZEL_frame_00222_category_0050, 102
1442547930.69HVPNPGRZEL_frame_00030_category_0083, 130
1442547930.69HVPNPGRZEL_frame_00110_category_0083, 81
1442547930.69HVPNPGRZEL_frame_00000_category_0083, 101
1442547930.69HVPNPGRZEL_frame_00000_category_0083, 101
1442548263.714CN4U8U8FZ_frame_00255_category_0092, 91
1442548263.714CN4U8U8FZ_frame_00975_category_0092, 107
1442548263.714CN4U8U8FZ_frame_01695_category_0092, 120
1442548263.714CN4U8U8FZ_frame_02415_category_0092, 20
1442548263.714CN4U8U8FZ_frame_03135_category_0092, 21
1442548263.714CN4U8U8FZ_frame_03855_category_0092, 26
1442548263.714CN4U8U8FZ_frame_00829_category_0092, 26
1442548263.714CN4U8U8FZ_frame_01885_category_0092, 22
1442548263.714CN4U8U8FZ_frame_02941_category_0092, 21
1442548263.714CN4U8U8FZ_frame_03997_category_0092, 27
1442548263.714CN4U8U8FZ_frame_01425_category_0092, 21
1442548263.714CN4U8U8FZ_frame_02865_category_0092, 48
1442548263.714CN4U8U8FZ_frame_00385_category_0092, 40
1442548263.714CN4U8U8FZ_frame_02161_category_0092, 27
1442548263.714CN4U8U8FZ_frame_03937_category_0092, 58
1442548263.714CN4U8U8FZ_frame_02085_category_0092, 63
1442548263.714CN4U8U8FZ_frame_00390_category_0092, 69
1442548263.714CN4U8U8FZ_frame_00015_category_0092, 68
1442548263.714CN4U8U8FZ_frame_01515_category_0092, 130
1442553090.2815O3LOJTK4_frame_05053_category_0000, 24
1442553090.2815O3LOJTK4_frame_04166_category_0000, 57
1442553090.2815O3LOJTK4_frame_03074_category_0000, 18
1442553090.2815O3LOJTK4_frame_03794_category_0000, 2
1442553090.2815O3LOJTK4_frame_03074_category_0000, 18
1442553090.2815O3LOJTK4_frame_03798_category_0000, 6
1442553090.2815O3LOJTK4_frame_02894_category_0000, 69
1442553090.2815O3LOJTK4_frame_02504_category_0000, 129
1442553090.2815O3LOJTK4_frame_02084_category_0000, 122
1442553090.2815O3LOJTK4_frame_01918_category_0000, 123
1442553090.2815O3LOJTK4_frame_01489_category_0000, 124
1442553090.2815O3LOJTK4_frame_01650_category_0000, 69
1442553090.2815O3LOJTK4_frame_00405_category_0000, 54
1442553090.2815O3LOJTK4_frame_00270_category_0000, 45
1442548208.62KJXTJT1E8P_frame_01834_category_0051, 62
1442548208.62KJXTJT1E8P_frame_02184_category_0051, 82
1442548208.62KJXTJT1E8P_frame_02044_category_0051, 75
1442548208.62KJXTJT1E8P_frame_00610_category_0051, 76
1442548208.62KJXTJT1E8P_frame_00773_category_0051, 74
1442548208.62KJXTJT1E8P_frame_00765_category_0051, 68
1442548208.62KJXTJT1E8P_frame_01024_category_0051, 75
1442548208.62KJXTJT1E8P_frame_00970_category_0051, 72
1442548208.62KJXTJT1E8P_frame_01354_category_0051, 73
1442548208.62KJXTJT1E8P_frame_01624_category_0051, 78
1442548208.62KJXTJT1E8P_frame_02449_category_0051, 57
1442547994.84B6VTHSG7RP_frame_00441_category_0130, 111
1442547994.84B6VTHSG7RP_frame_01304_category_0130, 106
1442547994.84B6VTHSG7RP_frame_01356_category_0130, 117
1442547994.84B6VTHSG7RP_frame_01044_category_0130, 112
1442547994.84B6VTHSG7RP_frame_01094_category_0130, 113
1442547994.84B6VTHSG7RP_frame_01902_category_0130, 112
1442547909.68ESS973VY3T_frame_00067_category_0116, 78
1442548128.44KOW4T4SVX1_frame_02611_category_0008, 27
1442548128.44KOW4T4SVX1_frame_02870_category_0008, 39
1442548128.44KOW4T4SVX1_frame_02012_category_0008, 15
1442548128.44KOW4T4SVX1_frame_01487_category_0008, 38
1442548128.44KOW4T4SVX1_frame_00777_category_0008, 36
1442548128.44KOW4T4SVX1_frame_00030_category_0008, 39
1442548128.44KOW4T4SVX1_frame_03721_category_0098, 45
1442548128.44KOW4T4SVX1_frame_03451_category_0098, 57
1442548128.44KOW4T4SVX1_frame_03511_category_0098, 38
1442548128.44KOW4T4SVX1_frame_02332_category_0098, 52
1442548128.44KOW4T4SVX1_frame_01417_category_0098, 51
1442548128.44KOW4T4SVX1_frame_00582_category_0098, 55
1442548128.44KOW4T4SVX1_frame_00347_category_0098, 50
1442548128.44KOW4T4SVX1_frame_01047_category_0098, 75
1442548128.44KOW4T4SVX1_frame_04366_category_0008, 37
1442548295.68BPEZYGWKBO_frame_00078_category_0048, 88
1442548295.68BPEZYGWKBO_frame_01091_category_0048, 105
1442548457.89SCJSDV610R_frame_02680_category_0088, 5
1442547971.58TZFJS7MM0U_frame_04891_category_0050, 75
1442547971.58TZFJS7MM0U_frame_04111_category_0050, 93
1442547971.58TZFJS7MM0U_frame_03891_category_0050, 57
1442547971.58TZFJS7MM0U_frame_03386_category_0050, 95
1442547971.58TZFJS7MM0U_frame_02342_category_0050, 103
1442547971.58TZFJS7MM0U_frame_00809_category_0050, 95
1442547971.58TZFJS7MM0U_frame_02836_category_0093, 113
1442547912.15GN1IW9HU8I_frame_02480_category_0116, 12
1442552916.52OC3XFLNA89_frame_05026_category_0085, 35
1442548672.06PWY3HZZD5S_frame_00465_category_0070, 41
1442548672.06PWY3HZZD5S_frame_00360_category_0070, 44
1442548672.06PWY3HZZD5S_frame_00315_category_0070, 42
1442548129.13G61NFADIIK_frame_01626_category_0107, 20
1442548129.512CH7FE7TC5_frame_00599_category_0090, 128
1442548129.512CH7FE7TC5_frame_01319_category_0090, 127
1442548129.512CH7FE7TC5_frame_02039_category_0090, 129
1442548129.512CH7FE7TC5_frame_02759_category_0090, 128
1442548129.512CH7FE7TC5_frame_00962_category_0090, 18
1442548129.512CH7FE7TC5_frame_02018_category_0090, 20
1442548129.512CH7FE7TC5_frame_03074_category_0090, 95
1442548129.512CH7FE7TC5_frame_01814_category_0090, 69
1442548129.512CH7FE7TC5_frame_00619_category_0090, 2
1442548129.512CH7FE7TC5_frame_02395_category_0090, 2
1442548129.512CH7FE7TC5_frame_01739_category_0090, 3
1442548129.512CH7FE7TC5_frame_01784_category_0090, 11
1442548129.512CH7FE7TC5_frame_01334_category_0090, 102
1442548129.512CH7FE7TC5_frame_00242_category_0090, 4
1442548565.096GZ36SX292_frame_05378_category_0090, 4
1442548565.096GZ36SX292_frame_06098_category_0090, 4
1442548565.096GZ36SX292_frame_06016_category_0090, 5
1442548565.096GZ36SX292_frame_06308_category_0090, 12
1442548565.096GZ36SX292_frame_06233_category_0090, 11
1442548565.096GZ36SX292_frame_05004_category_0090, 10
1442548565.096GZ36SX292_frame_03730_category_0090, 4
1442548565.096GZ36SX292_frame_03692_category_0090, 14
1442548565.096GZ36SX292_frame_04090_category_0090, 8
1442548565.096GZ36SX292_frame_04390_category_0090, 10
1442548565.096GZ36SX292_frame_03551_category_0090, 5
1442548565.096GZ36SX292_frame_03191_category_0090, 4
1442548565.096GZ36SX292_frame_02340_category_0090, 94
1442548565.096GZ36SX292_frame_02292_category_0090, 78
1442548565.096GZ36SX292_frame_00735_category_0090, 68
1442548565.096GZ36SX292_frame_01455_category_0090, 62
1442548565.096GZ36SX292_frame_00495_category_0090, 48
1442548565.096GZ36SX292_frame_01551_category_0090, 87
1442548565.096GZ36SX292_frame_01065_category_0090, 96
1442548565.096GZ36SX292_frame_00868_category_0090, 9
1442548565.096GZ36SX292_frame_01020_category_0090, 7
1442548565.096GZ36SX292_frame_00690_category_0090, 2
1442548019.86AAEB0H698M_frame_00375_category_0106, 27
1442548019.86AAEB0H698M_frame_01095_category_0106, 39
1442548019.86AAEB0H698M_frame_01012_category_0106, 92
1442548019.86AAEB0H698M_frame_00222_category_0106, 75
1442548019.86AAEB0H698M_frame_01080_category_0106, 65
1442553059.33436BQN2PUA_frame_00225_category_0073, 128
1442553059.33436BQN2PUA_frame_00945_category_0073, 110
1442553059.33436BQN2PUA_frame_01665_category_0073, 120
1442553059.33436BQN2PUA_frame_00506_category_0073, 92
1442553059.33436BQN2PUA_frame_01562_category_0073, 131
1442553059.33436BQN2PUA_frame_00810_category_0073, 127
1442553059.33436BQN2PUA_frame_00259_category_0073, 131
1442553059.33436BQN2PUA_frame_00000_category_0073, 131
1442553059.33436BQN2PUA_frame_00225_category_0073, 128
1442553059.33436BQN2PUA_frame_00750_category_0073, 117
1442553059.33436BQN2PUA_frame_00600_category_0124, 104
1442553059.33436BQN2PUA_frame_01320_category_0124, 39
1442553059.33436BQN2PUA_frame_00000_category_0124, 33
1442553059.33436BQN2PUA_frame_01056_category_0124, 23
1442553059.33436BQN2PUA_frame_00120_category_0124, 13
1442553059.33436BQN2PUA_frame_01560_category_0124, 71
1442553059.33436BQN2PUA_frame_01184_category_0124, 92
1442553059.33436BQN2PUA_frame_01125_category_0124, 58
1442553059.33436BQN2PUA_frame_00105_category_0124, 10
1442545834.522IKFNCZVX2_frame_00255_category_0056, 62
1442545834.522IKFNCZVX2_frame_00975_category_0056, 51
1442545834.522IKFNCZVX2_frame_00198_category_0056, 57
1442545834.522IKFNCZVX2_frame_01254_category_0056, 57
1442545834.522IKFNCZVX2_frame_01020_category_0056, 42
1442545834.522IKFNCZVX2_frame_01110_category_0056, 40
1442545834.522IKFNCZVX2_frame_00150_category_0056, 81
1442545834.522IKFNCZVX2_frame_01693_category_0056, 94
1442548128.92GSM5NAU0PE_frame_00060_category_0054, 47
1442548128.92GSM5NAU0PE_frame_00000_category_0054, 33
1442548505.6D3ECUWNWCZ_frame_03490_category_0118, 110
1442548505.6D3ECUWNWCZ_frame_03432_category_0118, 130
1442548505.6D3ECUWNWCZ_frame_03790_category_0118, 128
1442548505.6D3ECUWNWCZ_frame_03955_category_0118, 95
1442548505.6D3ECUWNWCZ_frame_02502_category_0118, 89
1442548505.6D3ECUWNWCZ_frame_02282_category_0118, 98
1442548505.6D3ECUWNWCZ_frame_02442_category_0118, 58
1442548505.6D3ECUWNWCZ_frame_03097_category_0118, 22
1442548505.6D3ECUWNWCZ_frame_02772_category_0118, 31
1442548505.6D3ECUWNWCZ_frame_01978_category_0118, 127
1442548505.6D3ECUWNWCZ_frame_01783_category_0118, 128
1442548505.6D3ECUWNWCZ_frame_00839_category_0118, 128
1442548505.6D3ECUWNWCZ_frame_00434_category_0118, 126
1445498094.68FB9PQ6N40H_frame_00584_category_0042, 62
1445498094.68FB9PQ6N40H_frame_00135_category_0044, 54
